AGE,GR
2540.717124,35.276
2542.646206,38.81
2543.610748,41.638
2544.575289,45.879
2545.53983,41.061
2546.504372,35.862
2547.468913,34.569
2548.433454,35.731
2549.397995,29.751
2550.362537,30.923
2551.327078,37.75
2552.291619,37.043
2553.25616,38.103
2554.220702,39.517
2556.149784,37.75
2558.078867,34.216
2560.007949,34.922
2561.937032,37.043
2563.866114,36.336
2565.795197,36.336
2567.72428,35.983
2569.653362,38.457
2571.582445,41.284
2573.511527,40.931
2575.44061,40.224
2577.369692,42.345
2578.334234,41.638
2579.298775,39.164
2580.263316,36.336
2581.227857,37.75
2583.15694,38.457
2585.086022,36.69
2587.015105,33.974
2588.944188,32.095
2590.87327,33.044
2592.802353,35.629
2594.731435,38.81
2596.660518,37.285
2598.5896,40.224
2600.518683,38.103
2602.447765,35.983
2604.376848,37.043
2606.30593,36.913
2608.235013,33.509
2610.164096,31.741
2612.093178,33.155
2614.022261,37.396
2615.951343,43.628
2617.880426,40.224
2619.809508,36.69
2621.738591,36.69
2623.667673,40.689
2625.596756,39.164
2627.525839,35.983
2629.454921,36.559
2631.384004,38.457
2633.313086,38.103
2635.242169,36.913
2637.171251,29.761
2639.100334,34.569
2641.029416,39.508
2642.958499,41.619
2644.887581,39.629
2646.816664,39.164
2648.745747,39.517
2650.674829,39.164
2654.532994,39.164
2658.391159,38.103
2662.249324,34.922
2664.178407,36.69
2666.107489,41.275
2668.036572,40.577
2669.965655,41.991
2671.894737,44.819
2673.82382,47.758
2675.752902,45.879
2677.681985,44.112
2679.611067,39.87
2681.54015,36.336
2683.469232,35.034
2685.398315,33.155
2687.327397,34.095
2689.25648,37.266
2691.185563,37.62
2693.114645,37.396
2694.079186,36.336
2695.043728,34.569
2696.008269,33.862
2696.97281,34.216
2698.901893,34.569
2700.830975,34.922
2701.795517,34.216
2702.760058,33.509
2703.724599,34.69
2704.68914,40.094
2705.653682,40.224
2706.618223,39.75
2707.582764,40.335
2708.547305,40.224
2709.511847,37.638
2710.476388,35.053
2711.440929,32.458
2712.405471,34.327
2713.370012,36.327
2714.334553,36.559
2715.299094,34.922
2716.263636,30.923
2717.228177,30.226
2718.192718,35.862
2719.15726,39.145
2720.14776,36.225
2721.317876,34.922
2722.487992,35.983
2723.658108,38.457
2724.828224,37.75
2725.99834,35.518
2727.168455,35.164
2728.338571,37.043
2729.508687,37.043
2730.678803,35.983
2731.848919,36.69
2733.019034,35.276
2734.18915,35.983
2735.359266,38.103
2736.529382,34.922
2737.699498,32.448
2738.869614,36.68
2740.039729,37.034
2741.209845,33.862
2742.379961,31.741
2743.550077,30.681
2744.720193,31.388
2745.890309,33.862
2748.23054,37.043
2750.570772,39.164
2752.911004,40.931
2755.251235,40.577
2757.591467,37.75
2759.931698,36.336
2762.27193,37.75
2764.612162,40.224
2766.952393,41.284
2769.292625,39.517
2771.632857,38.103
2773.973088,39.87
2776.31332,41.638
2778.653552,39.517
2780.993783,36.336
2783.334015,36.69
2785.674247,38.457
2788.014478,38.103
2790.35471,38.457
2792.694942,38.457
2795.035173,38.103
2797.375405,37.043
2799.715637,36.69
2800.885752,35.629
2802.055868,35.629
2803.225984,34.922
2804.3961,34.922
2805.566216,34.216
2806.736332,32.802
2809.076563,35.387
2811.416795,37.034
2812.586911,37.387
2813.757026,35.508
2816.097258,32.095
2818.43749,31.741
2820.777721,35.973
2823.117953,38.81
2825.458185,37.285
2827.798416,34.811
2830.138648,38.103
2832.47888,43.275
2834.819111,38.82
2837.159343,36.587
2839.499575,38.466
2841.839806,43.628
2844.180038,38.447
2846.52027,34.569
2848.860501,33.862
2851.200733,36.69
2853.540965,37.043
2855.881196,35.276
2858.221428,34.216
2860.561659,36.69
2862.901891,40.577
2865.242123,45.284
2867.582354,43.758
2869.922586,41.638
2872.262818,36.336
2874.603049,34.922
2876.943281,35.276
2879.283513,36.69
2881.623744,36.69
2883.963976,36.336
2886.304208,36.69
2888.644439,34.922
2890.984671,33.155
2893.324903,35.741
2895.665134,37.155
2898.005366,37.499
2900.345598,35.034
2901.515713,31.156
2902.685829,33.388
2903.855945,35.983
2905.026061,37.982
2906.196177,38.81
2907.366293,37.973
2908.536408,35.629
2909.706524,34.922
2910.87664,38.447
2912.046756,41.284
2913.216872,42.345
2914.386987,39.164
2915.557103,35.983
2916.727219,37.75
2919.067451,39.87
2921.407682,40.931
2923.747914,39.87
2926.088146,39.87
2928.428377,40.224
2930.768609,38.103
2933.108841,34.922
2935.449072,36.801
2937.789304,39.164
2940.129536,38.81
2942.469767,38.457
2944.809999,41.154
2947.150231,42.345
2949.490462,41.991
2951.830694,40.577
2954.170926,39.87
2956.511157,38.81
2958.851389,37.75
2963.531852,37.052
2965.872084,41.638
2968.212315,45.172
2970.552547,41.991
2972.892779,39.517
2975.23301,43.051
2977.573242,46.586
2979.913474,43.405
2982.253705,37.396
2984.593937,36.69
2986.934169,37.75
2989.2744,36.69
2991.614632,35.164
2996.295095,37.75
3000.975559,41.284
3003.31579,43.308
3005.656022,41.896
3007.996254,44.014
3010.336485,46.486
3012.676717,50.017
3015.016948,50.017
3017.35718,46.133
3019.697412,43.661
3022.037643,38.012
3024.377875,38.012
3026.718107,40.837
3029.058338,41.543
3031.39857,40.13
3033.738802,38.718
3036.079033,38.012
3038.419265,39.424
3040.759497,41.896
3043.099728,41.543
3045.43996,40.837
3047.780192,39.071
3050.120423,37.306
3052.460655,36.6
3054.800887,36.6
3057.141118,38.012
3059.48135,39.071
3061.821582,38.012
3064.161813,36.6
3066.502045,35.893
3068.842276,35.893
3071.182508,34.481
3073.52274,33.422
3075.862971,33.775
3078.203203,38.365
3080.543435,45.84
3082.883666,43.463
3085.223898,38.365
3087.56413,34.834
3089.904361,39.424
3092.244593,40.13
3094.584825,39.071
3096.925056,38.718
3099.265288,38.718
3101.60552,38.365
3103.945751,39.424
3106.285983,41.99
3108.626215,42.214
3110.966446,39.777
3113.306678,35.893
3115.646909,33.069
3117.987141,33.646
3120.327373,34.093
3122.667604,34.093
3125.007836,32.233
3127.348068,30.95
3129.688299,32.009
3132.028531,36.246
3134.368763,41.284
3136.708994,43.403
3139.049226,39.424
3141.389458,36.246
3143.729689,35.764
3146.069921,36.823
3148.410153,35.506
3150.750384,33.069
3153.090616,34.446
3155.430848,35.153
3157.771079,32.363
3160.111311,35.187
3162.451543,38.365
3164.791774,36.953
3167.132006,37.306
3169.472237,34.834
3171.812469,36.6
3174.152701,39.484
3176.492932,38.012
3178.833164,36.858
3181.173396,36.246
3183.513627,36.246
3185.853859,36.246
3188.194091,37.659
3190.534322,37.659
3192.874554,36.152
3195.214786,39.743
3197.555017,36.953
3199.895249,36.953
3202.235481,39.519
3204.575712,39.519
3206.915944,36.953
3209.256176,38.012
3211.596407,42.343
3213.936639,39.777
3216.27687,36.953
3218.617102,38.365
3220.957334,38.012
3223.297565,36.246
3225.637797,36.953
3227.978029,39.613
3230.31826,36.6
3232.658492,35.54
3234.998724,36.953
3237.338955,39.39
3239.679187,40.837
3242.019419,41.543
3244.35965,39.777
3246.699882,36.953
3249.040114,35.54
3251.380345,34.481
3253.720577,32.009
3256.060809,32.879
3258.40104,36.953
3260.741272,38.012
3263.081504,35.893
3265.421735,35.187
3267.761967,36.341
3270.102198,36.436
3272.44243,35.153
3274.782662,33.422
3277.122893,34.481
3279.463125,39.613
3281.803357,42.697
3284.143588,39.872
3286.48382,38.012
3288.824052,40.001
3291.164283,40.578
3293.504515,36.953
3296.890517,34.481
3302.127882,36.953
3304.746565,38.718
3307.365248,39.424
3309.983931,38.106
3312.602613,36.6
3315.221296,35.153
3317.839979,32.716
3323.077345,29.538
3328.31471,31.303
3333.552076,35.376
3338.789441,35.187
3344.026807,34.834
3349.264172,34.481
3354.501538,35.54
3359.738904,38.718
3364.976269,39.777
3370.213635,39.777
3375.451,40.483
3380.688366,41.19
3385.925731,40.13
3391.163097,38.012
3396.400463,37.659
3401.637828,38.365
3406.875194,40.13
3412.112559,43.497
3417.349925,44.367
3422.58729,43.661
3427.824656,41.543
3433.062022,40.13
3438.299387,40.483
3443.536753,41.19
3448.774118,40.13
3454.011484,42.343
3459.248849,43.403
3464.486215,41.508
3469.723581,38.718
3474.960946,36.505
3480.198312,33.422
3485.435677,32.716
3490.673043,35.153
3495.910409,35.893
3501.147774,36.246
3506.38514,35.893
3511.622505,35.187
3516.859871,34.128
3522.097236,36.953
3524.715919,39.071
3527.334602,41.896
3529.953285,38.365
3532.571968,36.246
3535.19065,33.069
3537.809333,38.39
3543.046699,38.201
3548.284064,32.044
3553.52143,37.142
3558.758795,39.226
3563.996161,35.187
3569.233527,34.481
3574.470892,36.246
3579.708258,36.953
3584.945623,36.953
3590.182989,35.54
3595.420354,34.481
3600.65772,34.834
3605.62387,35.187
3609.274287,35.54
3612.924704,38.012
3616.575121,41.19
3620.225538,42.955
3623.875955,40.837
3627.526372,39.071
3631.176788,38.012
3634.827205,36.6
3638.477622,34.481
3642.128039,34.834
3645.778456,33.422
3649.428873,32.009
3653.07929,33.775
3656.729707,34.834
3660.380124,39.424
3664.030541,40.837
3667.680958,40.837
3671.331374,42.249
3674.981791,39.071
3678.632208,36.6
3682.282625,33.775
3685.933042,33.422
3689.583459,33.775
3693.233876,32.363
3696.884293,31.303
3700.53471,33.422
3704.185127,33.422
3707.835544,31.209
3711.485961,34.352
3715.136377,34.223
3718.786794,30.95
3722.437211,28.126
3726.087628,32.363
3729.738045,36.341
3733.388462,38.072
3737.038879,37.306
3740.689296,36.953
3744.339713,34.481
3747.99013,33.069
3751.640547,29.891
3755.290963,30.244
3758.94138,33.999
3762.591797,37.813
3766.242214,34.834
3769.892631,33.069
3773.543048,35.893
3777.193465,37.53
3780.843882,35.54
3784.494299,34.128
3788.144716,33.775
3791.795133,35.187
3795.44555,33.775
3799.095966,28.513
3802.746383,30.244
3806.3968,34.093
3810.047217,36.246
3813.697634,37.659
3817.348051,38.012
3820.998468,38.718
3824.648885,40.176
3826.474093,37.344
3828.299302,35.928
3830.12451,34.867
3831.949719,36.282
3833.774927,37.698
3835.600136,38.76
3837.425344,37.414
3839.250552,33.549
3841.075761,29.911
3842.900969,29.203
3844.726178,34.159
3846.551386,35.22
3848.376595,35.928
3850.201803,33.451
3852.027012,32.035
3853.85222,34.159
3857.502637,38.122
3861.153054,39.114
3864.803471,37.698
3868.453888,35.191
3872.104305,32.743
3875.754722,34.483
3879.405139,36.48
3883.055555,31.681
3886.705972,27.944
3890.356389,32.035
3894.006806,40.501
3897.657223,41.279
3901.30764,35.574
3904.958057,34.483
3908.608474,34.611
3912.258891,33.323
3915.909308,33.451
3919.559725,31.681
3923.210141,28.17
3926.860558,31.681
3930.510975,32.389
3934.161392,33.451
3937.811809,32.998
3941.462226,36.961
3945.112643,38.122
3948.76306,40.698
3952.413477,32.191
3956.063894,34.739
3959.714311,31.681
3963.364727,31.327
3967.015144,33.451
3970.665561,35.928
3974.315978,33.805
3977.966395,33.706
3981.616812,35.702
3985.267229,39.764
3988.917646,39.822
3992.568063,38.052
3996.21848,36.282
3999.868897,34.513
4003.519314,33.451
4007.16973,35.928
4010.820147,36.282
4014.470564,38.859
4018.120981,41.888
4021.771398,40.275
4025.421815,38.76
4029.072232,39.822
4032.722649,43.461
4036.373066,42.753
4040.023483,37.344
4043.6739,35.574
4047.324316,35.22
4050.974733,33.097
4054.62515,32.389
4058.275567,36.834
4061.925984,37.414
4065.576401,32.743
4069.226818,29.006
4072.877235,32.743
4076.527652,38.052
4080.178069,41.691
4083.828486,39.822
4087.478903,38.406
4091.129319,38.052
4094.779736,38.052
4098.430153,38.76
4102.08057,41.238
4105.730987,40.884
4109.381404,39.822
4113.031821,38.76
4116.682238,36.282
4120.332655,35.928
4123.983072,37.698
4127.633489,34.867
4131.283905,33.097
4134.934322,32.035
4138.584739,32.035
4142.235156,33.451
4145.885573,34.159
4149.53599,33.805
4153.186407,33.097
4156.836824,32.389
4160.487241,32.743
4164.137658,33.805
4167.788075,37.344
4171.438492,40.373
4175.088908,40.727
4178.739325,38.406
4182.389742,35.319
4186.040159,33.903
4189.690576,34.257
4193.340993,34.483
4196.99141,34.611
4200.641827,34.611
4204.292244,35.22
4207.942661,38.76
4211.593078,41.238
4213.418286,39.468
4215.243494,38.052
4217.068703,36.636
4218.893911,33.805
4220.71912,36.027
4222.544328,37.768
4226.194745,36.99
4229.845162,38.662
4233.495579,42.654
4237.145996,45.132
4240.796413,43.107
4244.44683,40.176
4248.097247,37.698
4251.747664,34.159
4255.398081,32.035
4259.048497,35.191
4262.698914,37.06
4266.349331,35.928
4269.999748,34.867
4273.650165,35.22
4277.300582,35.928
4280.950999,34.994
4284.601416,36.99
4288.251833,39.468
4291.90225,41.238
4295.552667,37.344
4299.203083,34.867
4302.8535,32.743
4306.503917,33.805
4310.154334,33.805
4313.804751,35.22
4317.455168,38.122
4321.105585,37.344
4324.756002,37.344
4328.406419,38.406
4332.056836,36.99
4335.707253,35.928
4339.357669,33.805
4343.008086,32.743
4346.658503,32.389
4348.483712,34.385
4350.30892,36.253
4352.134129,36.636
4353.959337,37.698
4355.784546,35.574
4357.609754,34.159
4361.260171,32.743
4364.910588,34.867
4366.735796,38.377
4368.561005,40.53
4370.386213,43.461
4372.211422,42.3
4374.03663,38.76
4375.861839,34.513
4377.687047,34.513
4379.512256,32.389
4381.337464,35.191
4383.162672,34.159
4384.987881,36.636
4386.813089,39.468
4388.638298,40.147
4390.463506,38.052
4392.288715,38.052
4394.113923,37.344
4395.939132,35.22
4397.76434,34.159
4399.589549,34.867
4401.414757,35.574
4403.239965,37.698
4405.065174,39.822
4406.890382,42.497
4408.715591,41.464
4410.540799,40.884
4412.366008,39.468
4416.016425,38.052
4419.666842,33.805
4423.317258,30.619
4426.967675,34.356
4430.618092,36.578
4434.268509,34.513
4437.918926,34.159
4441.569343,35.574
4443.394552,37.698
4445.21976,40.53
4447.044968,41.946
4448.870177,40.373
4450.695385,38.052
4452.520594,35.574
4454.345802,34.513
4456.171011,36.636
4457.996219,39.114
4459.821428,39.468
4461.646636,36.99
4463.471845,34.867
4465.297053,35.22
4467.122261,36.282
4468.94747,35.574
4470.772678,36.636
4472.597887,37.698
4474.423095,39.822
4476.248304,39.468
4478.073512,44.621
4479.898721,45.132
4481.723929,43.362
4483.549138,44.07
4485.374346,45.84
4487.199554,43.716
4489.024763,41.238
4490.849971,43.008
4492.67518,47.453
4494.500388,47.964
4496.325597,46.194
4498.150805,43.008
4499.976014,40.53
4501.801222,41.238
4503.626431,45.753
4505.451639,45.132
4507.276847,41.946
4509.102056,36.99
4510.927264,35.574
4512.752473,39.468
4514.577681,42.654
4516.40289,42.3
4518.228098,40.53
4520.053307,43.333
4521.878515,41.946
4523.703724,41.238
4525.528932,38.76
4527.35414,37.698
4529.179349,39.468
4531.004557,40.53
4532.829766,37.727
4534.654974,39.468
4536.480183,39.468
4538.305391,36.439
4540.1306,34.99
4541.955808,33.575
4543.781017,33.221
4545.606225,33.928
4547.431434,37.82
4549.256642,42.024
4551.08185,41.67
4552.907059,37.467
4554.732267,34.99
4556.557476,37.113
4558.382684,37.82
4560.207893,37.82
4562.033101,37.467
4565.683518,38.528
4569.333935,38.528
4572.984352,39.943
4574.80956,40.651
4576.634769,40.297
4578.459977,39.59
4580.285186,39.59
4582.110394,38.882
4583.935603,37.82
4585.760811,39.943
4587.58602,42.774
4589.411228,43.128
4591.236436,41.712
4593.061645,39.526
4594.886853,36.051
4596.712062,33.575
4598.53727,36.051
4600.362479,39.943
4602.187687,41.691
4604.012896,38.882
4605.838104,37.113
4607.663313,37.467
4609.488521,40.297
4611.313729,42.42
4613.138938,40.651
4614.964146,41.712
4616.789355,46.001
4618.614563,50.162
4620.439772,45.251
4622.26498,42.42
4624.090189,44.543
4625.915397,47.02
4627.740606,45.251
4629.565814,43.128
4631.391023,40.297
4633.216231,40.588
4635.041439,36.405
4636.866648,36.759
4638.691856,38.84
4640.517065,41.316
4642.342273,41.359
4645.99269,39.943
4649.643107,38.528
4653.293524,37.467
4656.943941,36.759
4660.594358,36.405
4664.244775,35.698
4667.895192,39.236
4671.545609,43.835
4675.196025,46.666
4678.846442,43.835
4682.496859,39.236
4686.147276,36.051
4689.797693,34.636
4693.44811,36.405
4697.098527,39.59
4700.748944,39.59
4704.399361,39.236
4708.049778,39.236
4711.700195,37.467
4715.350611,36.759
4719.001028,38.174
4722.651445,38.174
4724.476654,36.759
4726.301862,38.174
4728.127071,42.378
4729.952279,43.835
4731.777488,42.066
4733.602696,42.42
4735.427905,43.835
4737.253113,44.897
4739.078321,41.712
4740.90353,41.359
4742.728738,43.835
4744.553947,44.897
4746.379155,44.543
4748.204364,43.835
4750.029572,42.774
4751.854781,42.774
4753.679989,41.712
4755.505198,40.297
4757.330406,38.528
4759.155614,36.405
4760.980823,35.655
4762.806031,33.907
4764.63124,32.159
4766.456448,36.759
4768.281657,41.712
4770.106865,44.543
4771.932074,46.312
4773.757282,46.666
4775.582491,46.312
4777.407699,46.312
4779.232907,44.543
4781.058116,43.835
4782.883324,45.251
4784.708533,45.251
4786.533741,46.312
4788.35895,44.897
4790.184158,42.066
4792.009367,38.174
4793.834575,36.405
4795.659784,36.405
4797.484992,36.759
4799.3102,34.636
4801.135409,32.513
4802.960617,34.948
4804.785826,37.028
4806.611034,34.636
4808.436243,33.928
4810.261451,36.051
4812.08666,37.82
4813.911868,40.651
4817.562285,42.42
4821.212702,41.359
4824.863119,39.943
4828.513536,41.005
4832.163953,44.48
4835.81437,38.882
4839.464787,36.094
4843.115203,39.59
4846.76562,40.651
4850.416037,38.174
4854.066454,36.051
4857.716871,36.759
4861.367288,38.882
4865.017705,39.59
4868.668122,41.005
4872.318539,43.835
4875.968956,40.92
4879.619373,35.365
4883.269789,38.507
4886.920206,44.833
4890.570623,42.774
4894.22104,40.297
4897.871457,39.59
4901.521874,39.236
4905.172291,36.051
4908.822708,32.159
4912.473125,32.867
4916.123542,39.236
4919.773959,41.712
4923.424376,42.774
4927.074792,42.066
4930.725209,41.005
4932.550418,37.82
4934.375626,35.344
4936.200835,39.193
4938.026043,36.759
4939.851252,33.575
4941.67646,33.928
4943.501669,33.928
4945.326877,33.575
4947.152085,36.363
4948.977294,39.901
4950.802502,41.649
4952.627711,42.024
4956.278128,40.234
4959.928545,38.818
4963.578962,39.547
4967.229378,38.861
4970.879795,36.051
4972.705004,38.153
4974.530212,39.59
4976.355421,39.59
4978.180629,41.005
4980.005838,43.482
4981.831046,45.604
4983.656255,45.958
4985.481463,43.503
4989.13188,41.005
4992.782297,37.799
4996.432714,37.113
4998.257922,36.759
5000.083131,37.82
5001.908339,38.882
5003.733548,39.59
5005.558756,43.482
5007.383964,46.666
5009.209173,45.251
5011.034381,42.774
5014.684798,41.712
5018.335215,42.42
5021.985632,41.712
5025.636049,37.757
5029.286466,39.568
5032.936883,41.005
5034.762091,40.651
5036.5873,41.359
5038.412508,41.359
5040.237717,41.712
5042.062925,43.482
5043.888134,44.189
5047.538551,43.128
5051.188967,40.651
5053.014176,37.82
5054.839384,35.386
5056.664593,35.407
5058.489801,41.005
5060.31501,47.331
5062.140218,43.482
5063.965427,40.297
5065.790635,38.444
5067.615844,36.405
5069.441052,39.236
5071.26626,38.818
5073.091469,35.344
5074.916677,33.928
5076.741886,35.344
5078.567094,38.174
5080.392303,39.943
5082.217511,42.462
5084.04272,46.249
5085.867928,46.666
5087.693137,44.897
5089.518345,41.005
5091.343553,37.82
5093.168762,38.882
5094.99397,39.236
5096.819179,40.297
5098.644387,42.774
5100.469596,43.128
5102.294804,44.543
5104.120013,45.251
5105.945221,44.189
5107.77043,43.128
5109.595638,41.712
5111.420847,41.359
5113.246055,41.712
5115.071263,40.297
5116.896472,38.465
5118.72168,36.363
5120.546889,37.403
5122.372097,39.922
5124.197306,43.064
5126.022514,46.312
5127.847723,41.776
5129.672931,38.218
5131.49814,38.634
5133.323348,41.067
5135.148556,42.838
5136.973765,44.963
5138.798973,44.224
5140.624182,43.161
5142.44939,43.515
5144.274599,47.797
5146.099807,45.318
5147.925016,41.822
5149.750224,40.775
5151.575433,43.546
5153.400641,47.443
5155.225849,47.089
5157.051058,47.797
5158.876266,50.954
5160.701475,47.797
5162.526683,44.995
5164.351892,49.214
5166.1771,54.173
5168.002309,52.048
5169.827517,45.073
5171.652726,42.499
5173.477934,40.713
5175.303142,39.65
5177.128351,40.004
5178.953559,42.114
5180.778768,41.067
5182.603976,41.775
5184.429185,42.838
5186.254393,43.901
5188.079602,44.963
5189.90481,47.443
5191.730019,51.693
5193.555227,54.881
5195.380435,54.881
5197.205644,48.506
5199.030852,46.38
5200.856061,52.402
5202.681269,52.756
5204.506478,52.756
5206.331686,54.173
5208.156895,53.11
5209.982103,51.339
5211.807312,48.86
5213.63252,47.797
5215.457729,47.443
5219.108145,47.797
5222.758562,47.443
5226.408979,47.797
5230.059396,47.797
5233.709813,48.568
5237.36023,52.402
5241.010647,52.756
5244.661064,50.985
5248.311481,46.734
5251.961898,46.38
5255.612315,47.797
5259.262731,50.631
5262.913148,53.819
5266.563565,58.069
5270.213982,58.069
5273.864399,53.465
5277.514816,46.734
5281.165233,41.067
5284.81565,41.067
5288.466067,51.616
5292.116484,46.734
5295.766901,41.468
5299.417318,37.509
5301.242526,35.754
5303.067734,39.634
5306.718151,43.469
5310.368568,43.546
5314.018985,43.87
5315.844194,42.838
5317.669402,41.775
5319.494611,42.838
5321.319819,43.901
5323.145027,41.775
5324.970236,39.311
5326.795444,39.311
5328.620653,40.374
5330.445861,44.625
5332.27107,49.891
5334.096278,46.026
5335.921487,41.775
5337.746695,40.343
5339.571904,44.255
5341.397112,45.318
5343.22232,44.963
5345.047529,45.641
5346.872737,42.838
5350.523154,41.067
5354.173571,41.421
5361.474405,42.13
5368.775239,38.556
5376.076073,36.108
5383.376906,35.399
5387.027323,36.816
5390.67774,40.343
5394.328157,39.65
5397.978574,36.462
5401.628991,36.108
5405.279408,36.816
5408.929825,37.525
5412.580242,36.816
5416.230659,34.337
5419.881076,33.628
5423.531493,33.628
5427.181909,33.628
5430.832326,33.628
5434.482743,35.045
5438.13316,35.045
5441.783577,35.399
5445.433994,37.879
5449.084411,41.421
5452.734828,40.004
5456.385245,37.171
5460.035662,37.879
5463.686079,39.296
5467.336495,40.713
5470.986912,41.421
5474.637329,37.572
5478.287746,39.296
5481.938163,37.139
5485.58858,38.587
5492.889414,40.359
5496.539831,40.359
5500.190248,38.587
5503.840665,39.65
5507.491082,41.421
5514.791915,44.255
5522.092749,44.255
5525.743166,38.233
5529.393583,34.337
5533.044,35.754
5536.694417,43.901
5540.344834,45.672
5543.995251,41.421
5547.645668,34.045
5551.296084,35.399
5554.946501,36.108
5558.596918,37.525
5562.247335,38.233
5565.897752,37.879
5569.548169,37.879
5573.198586,41.421
5576.849003,44.932
5580.49942,47.735
5584.149837,42.869
5591.450671,45.286
5598.751504,41.067
5606.052338,38.942
5613.353172,41.713
5617.003589,37.91
5620.654006,34.337
5624.304423,29.471
5627.95484,37.879
5629.780048,38.233
5631.605257,35.754
5635.255673,33.274
5638.90609,30.44
5642.556507,33.628
5646.206924,38.202
5649.857341,38.556
5653.507758,35.754
5657.158175,32.92
5660.808592,33.628
5664.459009,33.274
5668.109426,34.337
5671.759843,36.816
5675.41026,37.525
5679.060676,35.045
5682.711093,33.983
5686.36151,36.108
5690.011927,40.004
5693.662344,37.525
5697.312761,36.462
5700.963178,38.942
5704.613595,35.399
5708.264012,33.628
5711.914429,33.274
5715.564846,35.754
5719.215262,37.879
5722.865679,38.587
5726.516096,38.587
5730.943413,35.754
5735.90285,34.691
5740.862287,36.816
5745.821724,37.478
5750.781161,36.785
5755.740598,37.525
5760.700035,33.628
5765.659472,32.212
5770.618908,35.399
5775.578345,37.124
5780.537782,32.92
5785.497219,31.857
5790.456656,33.983
5795.416093,36.462
5800.37553,38.233
5805.334967,37.171
5810.294404,34.691
5815.253841,34.337
5820.213278,35.754
5825.172714,38.233
5830.132151,39.65
5835.091588,38.942
5840.051025,35.399
5845.010462,33.983
5849.969899,35.754
5854.929336,40.004
5859.888773,38.233
5864.84821,37.525
5869.807647,38.218
5874.767083,36.077
5879.72652,33.628
5884.685957,35.045
5889.645394,37.525
5894.604831,42.098
5899.564268,40.359
5904.523705,41.421
5909.483142,41.067
5914.442579,42.484
5919.402016,39.65
5924.361453,37.525
5929.320889,37.525
5934.280326,37.525
5939.239763,39.296
5944.1992,40.713
5949.158637,41.067
5954.118074,38.942
5959.077511,38.587
5964.036948,37.879
5968.996385,37.124
5973.955822,34.66
5978.915258,31.503
5983.874695,32.18
5988.834132,35.399
5993.793569,40.682
5998.753006,38.942
6003.712443,36.108
6008.67188,33.274
6013.631317,31.857
6018.590754,30.086
6023.550191,28.669
6028.509628,31.503
6033.469064,38.525
6038.428501,43.489
6043.387938,40.522
6048.347375,34.986
6053.306812,33.569
6058.266249,34.277
6063.225686,34.986
6068.185123,37.763
6073.14456,36.403
6078.103997,38.883
6083.063433,39.592
6088.02287,36.049
6092.982307,34.277
6097.941744,31.778
6102.901181,31.797
6107.860618,36.346
6112.820055,35.34
6117.779492,32.86
6122.738929,31.089
6127.698366,32.86
6132.657803,33.569
6137.617239,36.403
6142.576676,39.592
6147.536113,36.049
6152.49555,34.277
6157.454987,39.908
6162.414424,45.501
6167.373861,38.175
6172.333298,33.923
6177.292735,31.089
6182.252172,31.443
6187.211608,32.86
6192.171045,38.175
6197.130482,41.718
6202.089919,37.82
6207.049356,34.277
6212.008793,36.011
6216.96823,36.384
6221.927667,39.238
6226.887104,40.3
6231.846541,39.592
6237.01466,37.82
6242.547163,34.986
6248.079667,33.923
6253.61217,35.695
6259.144674,39.946
6264.677177,42.743
6270.209681,45.204
6275.742184,44.552
6281.274688,43.489
6286.807191,39.238
6292.339695,34.277
6297.872198,31.089
6303.404702,30.38
6308.937206,34.277
6314.469709,38.175
6320.002213,38.529
6325.534716,36.068
6331.06722,37.093
6336.599723,34.296
6342.132227,35.657
6347.66473,35.34
6353.197234,38.175
6358.729737,41.009
6364.262241,38.883
6369.794744,33.923
6375.327248,31.443
6380.859751,36.403
6386.392255,43.432
6391.924759,40.655
6397.457262,36.757
6402.989766,34.967
6408.522269,35.695
6414.054773,37.466
6419.587276,38.529
6425.11978,35.695
6436.184787,34.277
6447.249794,34.986
6452.782297,38.137
6458.314801,41.009
6469.379808,41.718
6480.444815,43.135
6491.509822,42.78
6497.042326,41.009
6502.574829,39.946
6508.107333,38.529
6513.639836,37.877
6519.17234,40.263
6530.237347,38.175
6541.302354,35.34
6552.367361,34.986
6563.432368,35.695
6568.964872,38.175
6580.029879,39.143
6591.094886,33.942
6602.159893,33.569
6607.692396,36.049
6613.2249,38.175
6618.757404,41.363
6624.289907,43.489
6629.822411,42.072
6635.354914,39.238
6646.419921,35.34
6657.484928,32.86
6668.549935,35.34
6679.614942,39.238
6690.679949,43.489
6701.744957,44.198
6712.809964,43.135
6723.874971,41.363
6734.939978,39.592
6746.004985,39.573
6757.069992,36.776
6768.134999,37.801
6773.667503,34.277
6779.200006,35.302
6784.73251,36.403
6795.797517,37.112
6806.862524,33.214
6817.927531,30.38
6828.992538,33.214
6834.525041,39.554
6840.057545,38.118
6845.590048,34.632
6851.122552,37.112
6862.187559,37.82
6873.252566,37.112
6884.317573,38.175
6895.38258,39.238
6906.447587,39.946
6917.512594,38.883
6928.577601,35.34
6939.642609,36.346
6950.707616,38.883
6961.772623,38.175
6972.83763,36.049
6983.902637,35.34
6989.43514,35.695
6994.967644,35.695
7006.032651,36.403
7017.097658,34.986
7028.162665,36.403
7039.227672,41.718
7044.760176,42.426
7050.292679,38.175
7055.825183,36.403
7066.89019,36.403
7072.422693,36.049
7077.955197,34.632
7083.4877,34.632
7089.020204,32.506
7094.552708,31.089
7100.085211,31.443
7105.617715,33.569
7111.150218,33.885
7116.682722,31.443
7122.215225,31.797
7127.747729,36.011
7133.280232,39.238
7138.812736,38.175
7144.345239,35.34
7149.877743,35.34
7155.410246,36.049
7160.94275,33.569
7166.475254,31.797
7177.540261,29.69
7183.072764,28.311
7188.605268,33.904
7194.137771,37.39
7199.670275,35.657
7205.202778,35.992
7210.735282,37.112
7213.501534,37.112
7216.267785,34.632
7227.332792,32.86
7238.397799,33.214
7243.930303,34.986
7249.462807,35.695
7254.99531,36.757
7260.527814,39.143
7266.060317,32.582
7271.592821,38.807
7277.125324,41.363
7282.657828,42.426
7288.190331,42.072
7293.722835,41.718
7299.255338,39.592
7304.787842,37.82
7315.852849,34.986
7321.385353,31.797
7326.917856,29.317
7332.45036,31.797
7343.515367,34.632
7354.580374,37.82
7360.112877,37.82
7365.645381,37.112
7371.177884,37.82
7376.710388,39.946
7387.775395,39.238
7398.840402,36.049
7409.905409,35.34
7415.437913,37.82
7420.970416,40.655
7426.50292,41.718
7432.035423,40.3
7437.567927,37.82
7443.10043,36.403
7448.632934,38.883
7454.165437,42.072
7459.697941,43.489
7465.230444,44.906
7470.762948,46.323
7476.295452,46.323
7481.827955,44.906
7487.360459,43.489
7492.892962,41.363
7498.425466,36.757
7503.957969,33.569
7509.490473,36.049
7515.022976,34.986
7520.55548,34.632
7526.087983,34.986
7537.15299,37.112
7548.217997,38.883
7559.283005,41.009
7570.348012,43.097
7581.413019,39.946
7592.478026,37.112
7603.543033,34.277
7609.075536,30.734
7614.60804,32.152
7620.140543,37.112
7625.673047,38.883
7631.205551,41.699
7636.738054,39.238
7642.270558,38.529
7647.803061,41.344
7653.335565,43.451
7658.868068,41.009
7664.400572,40.655
7669.933075,41.718
7675.465579,42.78
7680.998082,43.843
7686.530586,43.489
7692.063089,41.009
7697.595593,42.426
7703.128096,42.78
7708.6606,39.946
7714.193104,37.112
7719.725607,39.592
7725.258111,44.533
7730.790614,45.716
7736.323118,40.81
7741.855621,35.23
7747.388125,38.416
7752.920628,40.54
7758.453132,37.354
7763.985635,35.23
7769.518139,40.54
7775.050642,44.433
7780.583146,47.265
7786.11565,49.389
7791.648153,47.619
7797.180657,44.079
7802.71316,39.832
7808.245664,37.708
7813.778167,33.814
7819.310671,33.814
7824.843174,38.062
7830.375678,39.832
7835.908181,39.124
7841.440685,39.478
7846.973188,41.956
7852.505692,46.878
7858.038195,45.832
7863.570699,43.338
7869.103203,40.894
7874.635706,38.012
7880.16821,35.584
7885.700713,39.798
7891.233217,44.433
7896.76572,43.725
7902.298224,40.54
7907.830727,37.708
7913.363231,35.23
7918.895734,33.814
7929.960741,33.14
7941.025749,44.637
7952.090756,41.602
7963.155763,38.77
7968.688266,36.292
7974.22077,39.394
7979.753273,35.23
7985.285777,29.6
7990.81828,33.764
7993.584532,37.354
7996.350784,38.77
8001.883287,40.894
8007.415791,43.371
8012.948294,43.371
8018.480798,40.186
8024.013302,36.292
8029.545805,40.49
8035.078309,44.433
8040.610812,44.079
8046.143316,42.663
8051.675819,40.894
8054.442071,41.956
8057.208323,45.445
8059.974575,41.855
8062.740826,32.836
8065.507078,35.584
8068.27333,41.551
8071.039582,41.248
8073.805833,40.186
8079.338337,39.832
8084.87084,39.124
8090.403344,37.674
8095.935847,37
8101.468351,39.832
8107.000855,45.108
8112.533358,40.54
8118.065862,38.062
8123.598365,39.124
8129.130869,38.416
8134.663372,36.292
8140.195876,35.938
8145.728379,36.292
8151.260883,37.354
8156.793386,35.938
8167.858393,37.354
8173.390897,38.77
8178.923401,37.354
8184.455904,37.708
8189.988408,39.057
8195.520911,41.839
8201.053415,43.017
8206.585918,41.248
8212.118422,38.062
8217.650925,36.646
8223.183429,38.416
8228.715932,39.478
8234.248436,37.641
8239.780939,35.888
8245.313443,34.876
8256.37845,32.398
8267.443457,35.938
8278.508464,40.186
8284.040968,39.478
8289.573471,37.354
8295.105975,36.646
8300.638478,35.263
8306.170982,33.51
8311.703485,38.366
8317.235989,33.848
8322.768492,36.646
8328.409151,38.062
8339.699914,41.248
8350.990677,41.956
8356.636058,39.478
8362.28144,36.292
8367.926821,37.337
8373.572203,38.77
8384.862966,37.708
8396.153729,35.263
8407.444492,35.938
8413.089873,38.062
8415.912564,41.956
8418.735255,44.433
8424.380637,44.079
8427.203327,43.017
8430.026018,38.77
8432.848709,31.69
8435.6714,29.567
8441.316781,33.814
8446.962163,37
8452.607544,37.354
8458.252926,38.77
8463.898307,38.77
8475.18907,38.416
8486.479833,38.77
8492.125215,39.478
8497.770596,37.708
8503.415978,37.354
8509.061359,38.062
8514.706741,36.646
8520.352122,34.876
8525.997504,35.938
8531.642886,37.354
8537.288267,35.938
8548.57903,35.551
8559.869793,33.814
8571.160556,31.336
8582.451319,31.336
8593.742082,33.106
8605.032845,34.168
8610.678227,31.69
8616.323608,32.044
8627.614371,31.69
8638.905134,33.106
8650.195898,35.905
8661.486661,34.809
8672.777424,28.201
8684.068187,33.814
8695.35895,38.416
8706.649713,43.338
8717.940476,39.124
8729.231239,41.602
8740.522002,41.956
8751.812765,40.186
8763.103528,38.062
8774.394291,39.478
8785.685054,40.54
8796.975817,40.186
8808.26658,37.354
8819.557343,34.168
8830.848106,33.106
8836.493488,33.106
8842.138869,35.938
8847.784251,38.416
8853.429632,38.416
8859.075014,38.062
8864.720396,35.197
8870.365777,33.46
8876.011159,32.398
8881.65654,32.044
8892.947303,34.876
8904.238066,38.012
8915.528829,38.77
8926.819592,38.77
8938.110355,38.77
8949.401118,37.708
8960.691881,36.646
8971.982644,35.938
8983.273408,34.522
8994.564171,33.46
9000.209552,33.46
9005.854934,36.95
9011.500315,33.814
9017.145697,30.274
9022.791078,29.921
9028.43646,33.106
9034.081841,36.259
9039.727223,34.168
9045.372604,35.905
9051.017986,33.46
9056.663367,35.23
9062.308749,38.416
9073.599512,37.708
9079.244893,34.876
9084.890275,33.814
9090.535657,33.814
9096.181038,34.168
9101.82642,36.679
9113.117183,36.292
9124.407946,33.46
9135.698709,30.982
9146.989472,30.982
9158.280235,32.398
9169.570998,33.814
9180.861761,34.168
9192.152524,35.938
9197.797906,37.287
9203.443287,34.522
9214.73405,30.982
9226.024813,32.398
9237.315576,35.23
9248.606339,40.186
9259.897102,41.956
9271.187865,44.787
9282.478628,46.203
9293.769391,45.849
9305.060154,44.433
9316.350918,41.956
9326.66737,37.708
9335.588148,35.23
9340.048537,35.23
9344.508926,37
9348.969315,36.646
9353.429704,37
9357.890093,39.124
9362.350482,38.416
9366.810871,37
9371.27126,33.814
9375.731649,32.044
9380.192038,34.489
9389.112816,35.938
9398.033594,35.551
9406.954372,33.814
9415.87515,33.106
9424.795928,32.752
9429.256317,34.876
9433.716706,37
9438.177095,38.062
9442.637484,37.708
9451.558262,35.584
9460.47904,32.044
9469.399818,30.628
9478.320596,34.168
9487.241374,35.888
9491.701763,35.921
9496.162152,37.842
9500.622541,37.829
9505.08293,35.478
9509.543319,31.482
9514.003708,29.362
9518.464097,28.655
9522.924486,27.949
9527.384875,29.362
9531.845264,33.955
9536.305653,33.955
9540.766042,32.895
9545.226431,32.189
9549.68682,31.835
9554.147209,32.189
9558.607598,32.189
9563.067987,31.835
9567.528376,33.602
9571.988765,35.125
9576.449154,36.428
9580.909543,37.842
9585.369933,35.368
9589.830322,33.955
9594.290711,32.895
9598.7511,33.955
9603.211489,32.189
9607.671878,29.606
9612.132267,29.252
9616.592656,31.129
9621.053045,32.895
9625.513434,36.075
9629.973823,37.842
9634.434212,38.548
9638.894601,35.368
9643.35499,32.542
9647.815379,29.715
9652.275768,34.528
9661.196546,33.249
9670.117324,33.249
9679.038102,34.308
9687.95888,37.135
9692.419269,37.135
9701.340047,39.255
9710.260825,38.902
9719.181603,34.662
9723.641992,32.895
9728.102381,30.069
9730.332575,31.835
9732.56277,37.366
9737.023159,38.426
9741.483548,37.488
9745.943937,40.315
9754.864715,42.081
9759.325104,44.201
9763.785493,42.788
9768.245882,41.021
9772.706271,39.608
9777.16666,40.668
9781.627049,45.602
9786.087438,43.141
9790.547827,38.195
9795.008216,36.075
9799.468605,37.488
9803.928994,38.195
9808.389383,36.428
9812.849772,35.368
9817.384162,35.722
9821.987428,37.488
9826.590695,39.608
9831.193961,41.021
9835.797228,39.608
9840.400494,38.902
9845.003761,39.608
9849.607028,38.548
9858.813561,35.368
9868.020094,33.955
9877.226627,34.662
9886.43316,33.955
9895.639693,33.955
9904.846227,35.015
9909.449493,34.662
9914.05276,37.135
9918.656026,39.962
9927.862559,42.788
9937.069093,42.435
9946.275626,40.315
9955.482159,38.195
9964.688692,34.308
9973.895225,35.368
9983.101758,38.548
9992.308292,41.375
9996.911558,41.728
10001.51482,41.021
10006.11809,43.495
10010.72136,44.555
10015.32462,43.141
10019.92789,45.968
10024.53116,50.914
10029.13442,52.327
10033.73769,49.148
10038.34096,46.674
10042.94422,45.615
10047.54749,45.968
10052.15076,45.615
10056.75402,42.788
10061.35729,40.315
10065.96056,42.788
10075.16709,43.848
10084.37362,43.141
10093.58016,42.788
10098.18342,43.495
10102.78669,40.668
10107.38996,37.135
10111.99322,33.955
10121.19976,33.955
10125.80302,35.015
10130.40629,36.428
10135.00956,37.842
10144.21609,40.668
10153.42262,42.081
10162.62915,43.141
10171.83569,41.021
10181.04222,38.902
10185.64549,38.195
10194.85202,37.842
10204.05855,39.608
10213.26509,38.902
10217.86835,34.552
10222.47162,35.259
10227.07489,38.183
10231.67815,38.183
10240.88469,34.662
10250.09122,37.135
10254.69449,43.141
10259.29775,46.431
10263.90102,41.728
10268.50429,38.548
10270.80592,39.608
10273.10755,44.555
10275.40919,44.555
10277.71082,42.788
10280.01245,43.848
10282.31409,45.261
10286.91735,49.854
10291.52062,53.022
10296.12389,53.387
10300.72715,53.034
10305.33042,50.208
10309.93369,46.321
10314.53695,42.435
10319.14022,40.315
10321.44185,42.081
10323.74349,45.59
10328.34675,50.512
10332.95002,47.028
10337.55328,43.495
10342.15655,41.728
10346.75982,38.902
10351.36308,40.668
10355.96635,42.788
10360.56962,46.321
10365.17288,49.854
10369.77615,50.561
10374.37942,45.261
10378.98268,42.081
10381.28432,37.842
10383.58595,37.842
10388.18922,39.962
10392.79248,41.728
10401.99902,43.958
10411.20555,45.956
10420.41208,45.261
10425.01535,42.91
10434.22188,37.135
10443.42842,36.063
10452.63495,36.294
10461.84148,37.476
10471.04802,37.488
10480.25455,37.488
10489.46108,37.135
10494.06435,39.962
10498.66762,42.788
10503.27088,44.067
10512.47741,37.488
10521.68395,39.255
10530.89048,38.195
10540.09701,32.189
10549.30355,28.655
10558.51008,37.488
10567.71661,44.774
10576.92315,38.902
10586.12968,36.782
10590.73295,38.548
10595.33621,41.728
10599.93948,45.615
10609.14601,45.968
10613.74928,42.435
10618.35255,41.021
10622.95581,42.788
10627.55908,44.908
10632.16235,43.141
10636.76561,44.201
10641.36888,42.435
10650.57541,39.255
10655.17868,40.412
10664.38521,42.435
10668.98848,40.668
10673.59175,37.842
10678.19501,40.315
10682.79828,45.261
10687.40154,47.734
10692.00481,45.261
10696.60808,41.728
10701.21134,42.081
10710.41788,41.728
10719.62441,41.021
10728.83094,39.608
10733.43421,40.668
10738.03748,39.962
10742.64074,40.315
10747.24401,41.375
10751.84728,41.375
10756.45054,39.962
10761.05381,38.195
10765.65708,38.195
10770.26034,41.375
10774.86361,42.788
10779.46688,43.495
10784.25317,42.081
10789.64374,40.315
10795.03431,40.668
10800.42488,42.435
10805.81546,46.321
10811.20603,47.734
10816.5966,47.381
10821.98717,44.908
10827.37774,43.141
10832.76831,42.788
10838.15888,41.375
10843.54945,41.728
10848.94002,38.195
10854.33059,37.135
10859.72116,38.195
10865.11174,40.315
10870.50231,40.668
10875.89288,40.668
10881.28345,41.375
10886.67402,43.495
10892.06459,44.555
10897.45516,44.555
10900.15045,41.253
10902.84573,37.421
10905.54102,37.421
10908.2363,39.19
10910.93159,37.406
10913.62687,33.882
10916.32216,32.82
10919.01745,36.005
10921.71273,37.421
10924.40802,38.482
10927.1033,37.421
10929.79859,33.882
10935.18916,32.467
10940.57973,31.759
10945.9703,33.882
10948.66559,37.775
10951.36087,42.375
10956.75144,44.852
10962.14201,46.976
10967.53258,43.791
10972.92316,40.96
10978.31373,40.252
10983.7043,38.836
10986.39958,37.775
10989.09487,38.129
10994.48544,39.544
10999.87601,39.544
11002.5713,40.606
11005.26658,42.729
11007.96187,44.852
11010.65715,44.498
11013.35244,42.021
11016.04772,40.606
11018.74301,37.775
11021.43829,36.359
11026.82887,36.713
11032.21944,39.19
11037.61001,39.898
11043.00058,35.651
11048.39115,32.467
11053.78172,31.759
11059.17229,33.882
11064.56286,37.067
11069.95343,39.898
11075.344,42.714
11080.73458,41.775
11086.12515,39.544
11091.51572,41.191
11096.90629,41.191
11102.29686,38.129
11107.68743,40.606
11113.078,43.884
11118.46857,42.684
11123.85914,39.16
11129.24971,34.944
11134.64028,34.236
11140.03086,37.775
11145.42143,39.19
11150.812,39.313
11156.20257,38.959
11166.98371,37.775
11177.76485,38.129
11188.54599,38.129
11199.32714,39.205
11210.10828,41.314
11220.88942,34.944
11231.67056,30.697
11237.06113,31.759
11242.4517,32.82
11247.84228,34.236
11253.23285,36.59
11258.62342,39.19
11264.01399,39.19
11269.40456,37.421
11274.79513,34.59
11285.57627,36.005
11296.35741,38.114
11307.13856,38.344
11317.9197,37.637
11328.70084,34.944
11334.09141,32.82
11339.48198,35.651
11344.87255,39.283
11350.26312,38.929
11355.6537,33.882
11361.04427,31.051
11366.43484,32.82
11371.82541,34.236
11377.21598,36.713
11382.60655,36.359
11387.99712,34.236
11393.38769,32.82
11396.08298,33.174
11398.77826,36.713
11401.47355,36.359
11404.16883,34.944
11409.5594,36.359
11414.94998,37.775
11420.34055,39.544
11425.73112,41.667
11431.12169,41.314
11436.51226,39.544
11441.90283,40.252
11447.2934,36.005
11449.98869,33.882
11452.68397,35.298
11458.07454,37.421
11463.46511,36.713
11468.85569,39.19
11474.24626,41.898
11479.63683,40.96
11485.0274,37.421
11490.41797,38.482
11495.80854,42.021
11501.19911,42.021
11506.58968,38.129
11511.98025,40.699
11517.37082,35.313
11522.7614,37.067
11528.15197,33.681
11533.54254,37.421
11538.93311,40.114
11544.32368,36.713
11549.71425,37.067
11555.10482,39.544
11560.49539,42.729
11565.88596,40.252
11571.27653,37.421
11576.66711,36.713
11582.05768,40.129
11587.44825,39.898
11592.83882,35.298
11598.22939,32.958
11603.61996,34.59
11609.01053,34.236
11614.4011,33.174
11619.79167,32.82
11630.57282,32.82
11641.98633,32.82
11649.89461,33.174
11657.80289,33.528
11665.71117,32.82
11681.52773,32.82
11697.34429,37.499
11705.25257,33.882
11713.16085,35.298
11721.06913,40.114
11728.97741,37.775
11736.88569,37.775
11744.79397,37.775
11752.70225,37.421
11760.61053,37.775
11768.51881,37.067
11776.42709,39.067
11784.33536,40.237
11792.24364,41.068
11800.15192,42.945
11808.0602,39.544
11815.96848,35.651
11823.87676,33.528
11831.78504,35.882
11839.69332,39.052
11847.6016,40.606
11855.50988,38.482
11863.41816,36.359
11871.32644,35.651
11887.143,36.005
11895.05128,39.544
11910.86784,43.191
11926.6844,40.96
11942.50096,38.482
11958.31751,38.836
11974.13407,37.775
11982.04235,36.713
11989.95063,33.882
11997.85891,33.174
12005.76719,33.528
12013.67547,33.882
12021.58375,34.59
12029.49203,36.005
12037.40031,36.359
12045.30859,38.836
12053.21687,44.13
12061.12515,40.606
12069.03343,36.374
12076.94171,38.836
12084.84999,38.129
12092.75827,34.605
12100.66655,34.59
12108.57483,33.528
12116.48311,34.59
12124.39138,36.713
12132.29966,39.544
12140.20794,40.252
12148.11622,40.252
12156.0245,36.359
12163.93278,32.467
12171.84106,36.359
12179.74934,40.453
12187.65762,39.898
12195.5659,37.775
12203.47418,35.298
12211.38246,36.467
12219.29074,36.698
12235.1073,36.344
12250.92386,34.236
12266.74042,35.651
12282.55698,34.236
12290.46525,30.343
12298.37353,31.051
12306.28181,33.174
12314.19009,34.944
12322.09837,33.528
12330.00665,34.59
12337.91493,36.359
12345.82321,38.129
12353.73149,39.19
12361.63977,40.606
12369.54805,39.19
12377.45633,36.359
12385.36461,33.882
12389.31875,34.59
12393.27289,38.482
12397.22703,42.93
12401.18117,39.898
12405.13531,36.713
12409.08945,37.421
12413.04359,39.19
12416.99773,42.021
12420.95187,39.898
12424.90601,34.236
12428.86015,33.174
12432.81429,32.467
12440.72257,32.467
12448.63085,33.882
12456.53912,36.359
12464.4474,36.359
12472.35568,35.298
12480.26396,34.59
12484.2181,35.651
12488.17224,36.359
12496.08052,36.005
12503.9888,38.482
12511.89708,39.19
12519.80536,39.898
12523.7595,39.544
12527.71364,38.482
12535.62192,37.052
12543.5302,36.575
12551.43848,35.99
12559.34676,32.344
12567.25504,31.241
12575.16332,35.49
12583.0716,36.906
12590.97988,35.136
12594.93402,36.552
12598.88816,37.816
12602.8423,34.782
12606.79644,33.011
12610.75058,34.782
12614.70472,38.677
12618.65886,38.677
12622.61299,36.906
12626.56713,36.198
12630.52127,37.969
12634.47541,37.261
12638.42955,35.136
12646.33783,32.303
12654.24611,32.657
12662.15439,32.303
12670.06267,31.595
12677.97095,30.179
12685.87923,29.116
12693.78751,32.657
12701.69579,40.268
12705.64993,40.801
12709.60407,36.906
12713.55821,35.49
12717.51235,35.136
12721.46649,34.782
12725.42063,34.074
12729.37477,35.49
12733.32891,38.677
12737.28305,38.323
12741.23719,36.198
12745.19133,36.906
12749.14547,40.447
12757.05375,41.51
12764.96203,37.969
12772.87031,34.074
12780.77859,31.949
12788.68687,32.657
12796.59514,33.011
12800.54928,33.72
12804.50342,35.49
12808.45756,39.031
12812.4117,48.312
12820.31998,44.697
12836.13654,40.447
12844.04482,40.093
12851.9531,40.801
12859.01715,39.739
12870.36879,40.801
12876.04461,43.988
12881.72043,43.28
12887.39625,39.739
12893.07207,36.552
12898.74789,38.677
12904.42371,43.634
12910.09953,43.28
12915.77535,39.739
12921.45117,43.28
12927.12699,46.113
12932.80281,48.946
12938.47863,46.467
12944.15445,42.572
12949.83027,40.447
12955.50609,41.51
12961.1819,46.467
12972.53354,47.529
12978.20936,42.572
12983.88518,39.031
12989.561,39.66
12995.23682,40.093
13000.91264,41.156
13006.58846,40.801
13012.26428,40.6
13017.9401,43.28
13023.61592,44.342
13029.29174,42.218
13034.96756,41.156
13040.64338,39.232
13046.3192,35.844
13051.99502,39.232
13057.67084,46.414
13063.34666,42.926
13069.02248,37.969
13074.6983,34.782
13080.37412,34.528
13086.04994,34.655
13091.72576,35.136
13097.40158,35.136
13103.0774,34.074
13108.75322,34.782
13114.42904,33.72
13120.10486,33.365
13125.78068,35.49
13131.4565,39.105
13137.13232,40.421
13143.40285,42.218
13150.49327,43.634
13157.5837,41.156
13164.67413,37.615
13171.76456,35.49
13185.94542,37.615
13193.03585,40.093
13200.12628,43.988
13207.2167,47.883
13214.30713,44.697
13221.39756,40.801
13235.57842,37.969
13242.66885,38.677
13249.75928,40.801
13256.8497,43.28
13263.94013,43.28
13271.03056,40.447
13285.21142,38.323
13292.30185,36.906
13299.39228,36.198
13306.48271,42.572
13313.57313,43.988
13320.66356,42.218
13327.75399,40.801
13341.93485,44.697
13356.11571,46.113
13370.29656,45.405
13377.38699,43.988
13384.47742,43.988
13398.65828,41.864
13412.83914,39.031
13427.01999,35.844
13434.11042,38.323
13441.20085,39.385
13448.29128,37.615
13455.38171,40.447
13462.47214,42.926
13476.653,42.572
13490.83385,41.51
13505.01471,42.572
13519.19557,42.926
13533.37643,41.51
13540.46685,37.969
13547.55728,37.969
13554.64771,39.031
13561.73814,40.801
13575.919,42.926
13590.09986,42.218
13597.19028,40.093
13604.28071,39.385
13618.46157,41.51
13625.552,42.572
13632.64243,40.902
13639.73286,40.067
13646.82329,41.51
13653.91371,46.113
13661.00414,49.654
13668.09457,46.467
13675.185,43.988
13689.36586,44.342
13703.54671,43.28
13717.72757,41.864
13731.90843,41.864
13746.08929,45.733
13760.27014,48.084
13774.451,46.821
13788.63186,48.238
13802.81272,47.883
13816.99357,46.821
13831.17443,42.926
13845.35529,39.486
13854.86156,37.261
13864.24717,37.007
13873.63278,36.906
13883.01839,37.488
13892.404,40.093
13901.78961,43.28
13911.17522,46.087
13920.56083,44.697
13929.94644,48.592
13939.33205,50.716
13948.71767,51.07
13958.10328,46.213
13967.48889,42.572
13976.8745,40.093
13986.26011,37.261
13995.64572,37.261
14005.03133,36.906
14014.41694,38.677
14023.80255,40.447
14033.18816,40.093
14042.57377,39.385
14051.95938,40.447
14061.34499,40.801
14070.7306,40.242
14075.42341,36.579
14080.11621,45.326
14089.50182,50.817
14098.88744,46.821
14108.27305,43.735
14117.65866,45.151
14127.04427,45.252
14136.42988,42.672
14145.81549,39.966
14155.2011,37.615
14164.58671,36.552
14173.97232,39.031
14183.35793,43.28
14192.74354,43.988
14202.12915,41.864
14211.51476,39.739
14220.90037,39.385
14230.28598,38.677
14239.6716,37.969
14249.05721,37.969
14258.44282,39.739
14267.82843,39.031
14277.21404,39.031
14286.59965,38.323
14295.98526,35.49
14305.37087,34.782
14314.75648,34.428
14324.14209,35.49
14333.5277,39.031
14342.91331,41.156
14352.29892,38.677
14361.68453,37.261
14371.07014,35.136
14380.45575,34.428
14389.84137,35.844
14399.22698,37.261
14408.61259,41.737
14417.9982,44.316
14427.38381,41.864
14436.76942,40.093
14446.15503,39.385
14456.37887,38.323
14466.96602,39.385
14477.55317,40.447
14488.14031,41.156
14498.72746,40.801
14509.31461,37.969
14519.90176,35.844
14530.4889,36.906
14541.07605,35.136
14551.6632,34.074
14562.25035,34.428
14572.83749,36.552
14583.42464,35.49
14594.01179,34.782
14604.59894,35.844
14615.18608,35.009
14625.77323,36.174
14636.36038,37.591
14646.94753,38.299
14657.53467,36.528
14668.12182,35.82
14678.70897,35.112
14689.29612,33.695
14699.88326,35.82
14710.47041,39.818
14715.76398,39.361
14721.05756,38.653
14726.35113,37.591
14731.6447,35.82
14736.93828,37.591
14742.23185,40.424
14747.52543,43.257
14758.11257,43.611
14768.69972,41.84
14779.28687,39.007
14789.87402,37.237
14800.46116,36.528
14811.04831,37.945
14821.63546,39.716
14832.22261,38.653
14842.80975,36.174
14853.3969,35.466
14858.69047,38.299
14863.98405,41.589
14874.5712,37.591
14885.15834,35.466
14890.45192,35.224
14901.03906,35.457
14906.33264,33.332
14911.62621,30.62
14916.91979,29.446
14922.21336,29.092
14927.50693,27.675
14932.80051,26.259
14938.09408,27.321
14943.38765,31.925
14953.9748,35.112
14959.26837,37.237
14964.56195,37.945
14969.85552,39.007
14975.1491,38.653
14980.44267,37.945
14986.09677,38.299
14991.75131,37.106
14997.40585,35.457
15003.06039,35.811
15014.36947,36.985
15025.67856,36.528
15036.98764,35.466
15048.29672,35.466
15059.60581,36.174
15070.91489,37.237
15082.22397,41.84
15093.53306,48.196
15104.84214,46.444
15116.15122,42.194
15127.46031,37.945
15138.76939,40.07
15150.07847,38.653
15161.38756,32.633
15172.69664,29.8
15184.00572,34.404
15195.31481,39.361
15206.62389,37.237
15217.93297,36.528
15229.24206,36.883
15240.55114,38.653
15251.86022,41.486
15263.16931,41.132
15274.47839,41.132
15285.78747,39.716
15297.09656,38.653
15308.40564,37.237
15319.71472,40.07
15331.02381,39.716
15342.33289,39.361
15353.64197,39.361
15364.95106,40.424
15376.26014,40.778
15387.56922,37.945
15398.87831,36.174
15410.18739,35.466
15421.49647,33.695
15432.80556,35.112
15444.11464,40.163
15455.42372,36.883
15466.73281,34.404
15478.04189,31.925
15489.35097,31.459
15500.66006,36.873
15511.96914,37.814
15523.27822,33.695
15534.58731,30.862
15545.89639,34.758
15557.20547,42.418
15568.51456,43.257
15574.1691,42.903
15579.82364,42.903
15585.47818,41.132
15591.29007,36.538
15598.41805,39.716
15605.54604,41.84
15612.67403,41.346
15619.80202,42.287
15626.93001,44.319
15634.058,42.194
15641.18599,41.84
15648.31398,44.673
15655.44197,45.736
15662.56996,43.965
15669.69795,41.84
15676.82594,40.778
15683.95392,42.194
15691.08191,42.903
15698.2099,41.84
15705.33789,38.653
15712.46588,37.237
15719.59387,40.07
15726.72186,43.611
15733.84985,44.319
15740.97784,45.382
15748.10583,43.611
15755.23382,40.424
15762.36181,40.778
15769.48979,41.84
15776.61778,40.07
15783.74577,42.549
15798.00175,42.549
15812.25773,39.716
15826.51371,35.466
15840.76969,35.466
15855.02566,35.82
15869.28164,33.341
15883.53762,31.925
15897.7936,33.695
15912.04958,37.237
15926.30556,43.602
15940.56153,40.778
15954.81751,38.299
15969.07349,40.778
15983.32947,42.903
15997.58545,40.424
16011.84143,35.82
16018.96942,32.987
16026.0974,31.571
16033.22539,35.82
16040.35338,41.104
16047.48137,42.549
16054.60936,41.84
16061.73735,42.549
16068.86534,43.965
16075.99333,45.736
16083.12132,45.027
16090.24931,40.778
16097.3773,39.361
16104.50529,41.486
16111.63327,45.382
16118.76126,47.152
16125.88925,46.09
16133.01724,43.257
16140.14523,37.721
16147.27322,40.07
16154.40121,40.07
16161.5292,39.361
16168.65719,40.424
16175.78518,38.299
16182.91317,35.82
16190.04116,39.585
16197.16914,42.893
16204.29713,40.07
16211.42512,40.424
16218.55311,41.486
16225.6811,44.319
16232.80909,42.549
16239.93708,40.424
16247.06507,39.361
16254.19306,42.772
16261.32105,37.945
16268.44904,37.237
16282.70501,36.528
16296.96099,38.299
16311.21697,39.716
16325.47295,41.486
16339.72893,40.778
16353.98491,39.007
16368.24088,36.528
16382.49686,35.112
16396.75284,36.883
16411.00882,39.716
16425.2648,42.903
16439.52078,40.778
16453.77675,37.237
16463.05064,35.475
16472.50163,39.716
16481.95262,40.778
16491.40361,41.263
16500.8546,48.317
16510.30559,48.681
16519.75658,45.736
16529.20757,46.444
16538.65856,47.152
16548.10955,44.673
16557.56054,42.549
16567.01153,39.716
16576.46252,39.361
16585.91351,37.945
16604.81549,34.05
16623.71747,30.154
16642.61945,33.695
16661.52143,40.163
16680.42341,43.583
16699.32539,36.883
16715.23235,42.185
16731.0085,45.018
16746.78465,37.945
16762.56079,35.82
16778.33694,35.82
16794.11308,34.404
16809.88923,36.761
16825.66538,38.29
16841.44152,40.424
16857.21767,45.139
16872.99381,48.569
16888.76996,46.798
16904.54611,42.903
16920.32225,40.07
16936.0984,37.945
16951.87454,39.361
16967.65069,42.903
16983.42684,45.382
16999.20298,42.903
17014.97913,38.653
17022.8672,39.716
17030.75528,41.132
17038.64335,41.84
17045.82237,41.486
17051.95616,42.549
17058.08994,40.778
17064.22373,40.424
17070.35752,45.027
17076.4913,48.215
17082.62509,45.027
17088.75888,40.778
17094.89266,41.84
17101.02645,45.027
17107.16024,44.673
17113.29402,42.492
17119.42781,41.073
17125.56159,40.364
17137.82917,41.783
17143.96295,42.847
17150.09674,41.783
17156.23053,40.719
17162.36431,42.48
17168.4981,38.945
17174.63189,40.719
17180.76567,43.202
17186.89946,44.975
17193.03324,44.62
17199.16703,43.556
17211.4346,42.137
17217.56839,42.847
17223.70218,42.137
17229.83596,39.3
17235.96975,36.707
17242.10354,40.364
17254.37111,41.783
17266.63868,43.556
17278.90625,50.748
17291.17383,49.586
17303.4414,46.394
17315.70897,46.039
17327.97654,46.394
17334.11033,46.394
17340.24412,46.394
17346.3779,45.33
17352.51169,42.137
17358.64548,38.591
17364.77926,36.108
17370.91305,34.334
17377.04684,37.282
17383.18062,37.526
17389.31441,38.126
17395.44819,44.131
17401.58198,43.556
17407.71577,42.492
17413.84955,42.492
17419.98334,39.655
17426.11713,36.817
17432.25091,37.881
17438.3847,42.847
17444.51849,48.387
17450.65227,47.213
17456.78606,44.62
17469.07811,40.731
17481.40386,45.085
17493.7296,47.776
17506.05535,45.44
17518.38109,40.719
17530.70683,42.847
17543.03258,45.684
17555.35832,46.039
17567.68407,44.975
17580.00981,44.266
17592.33555,42.137
17598.49842,39.655
17604.6613,37.526
17610.82417,39.985
17616.98704,39.3
17623.14991,35.044
17629.31278,45.7825
17635.47566,45.758
17641.63853,42.492
17647.8014,43.202
17653.96427,44.62
17660.12714,45.684
17666.29002,44.62
17672.45289,43.202
17678.61576,44.975
17684.77863,47.103
17690.9415,46.039
17697.10438,43.911
17703.26725,41.783
17709.43012,41.783
17715.59299,41.073
17721.75586,40.009
17727.91873,40.719
17734.08161,42.492
17740.24448,42.137
17746.40735,41.783
17752.57022,41.783
17758.73309,41.073
17764.89597,36.817
17771.05884,36.462
17777.22171,40.364
17789.54745,41.073
17801.8732,41.428
17815.27406,42.847
17829.83962,45.33
17844.40518,45.684
17858.97074,42.137
17873.53631,41.073
17880.81909,42.137
17888.10187,42.137
17895.38465,42.137
17902.66743,41.073
17909.95021,36.462
17917.23299,34.689
17924.51577,37.526
17939.08134,45.672
17953.6469,43.556
17968.21246,40.009
17982.77802,38.591
17997.34359,40.364
18004.62637,41.073
18011.90915,39.3
18019.19193,37.526
18026.47471,35.765
18033.75749,40.706
18041.04027,39.3
18048.32305,40.719
18055.60584,45.795
18062.88862,46.614
18070.1714,42.847
18077.45418,44.266
18084.73696,48.167
18092.01974,46.039
18099.30252,40.364
18106.5853,39.655
18113.86809,41.073
18121.15087,42.492
18128.43365,44.975
18142.99921,47.458
18157.56477,47.103
18172.13033,43.911
18186.6959,41.783
18201.26146,41.073
18215.82702,41.428
18223.1098,40.719
18230.39258,43.189
18237.67537,46.039
18244.95815,49.231
18252.24093,49.941
18259.52371,48.522
18266.80649,46.394
18274.08927,51.103
18281.37205,45.697
18295.93761,47.813
18310.50318,46.749
18325.06874,43.312
18332.35152,40.009
18339.6343,35.056
18346.13861,43.067
18358.84574,39.655
18365.19931,39.3
18371.55287,41.783
18384.26,45.33
18390.61357,43.911
18403.3207,40.009
18416.02782,37.881
18428.73495,38.236
18441.44208,38.945
18454.14921,40.364
18466.85634,42.137
18479.56347,43.556
18492.2706,38.591
18504.97773,36.108
18517.68486,35.044
18530.39199,36.462
18543.09912,35.753
18555.80624,38.591
18568.51337,42.492
18579.74926,47.103
18588.45489,47.458
18597.16051,44.266
18601.51332,42.492
18605.86613,42.847
18610.21894,41.073
18614.57176,37.881
18618.92457,37.172
18623.27738,40.009
18627.63019,43.202
18631.983,46.039
18636.33581,44.266
18640.68862,39.655
18645.04143,36.817
18649.39425,41.428
18653.74706,46.394
18658.09987,48.522
18662.45268,47.813
18666.80549,48.167
18671.1583,45.33
18675.51111,44.975
18679.86393,44.975
18684.21674,45.33
18688.56955,42.847
18692.92236,37.172
18697.27517,33.98
18701.62798,33.625
18705.98079,37.881
18710.3336,39.3
18714.68642,40.719
18719.03923,42.492
18727.74485,43.911
18736.45047,44.62
18740.80328,42.137
18745.1561,41.428
18749.50891,43.556
18753.86172,45.684
18765.10973,44.62
18777.04079,41.428
18788.97185,40.719
18800.90291,42.492
18812.83397,41.073
18824.76502,39.655
18836.69608,39.3
18848.62714,40.009
18860.5582,40.364
18872.48926,40.009
18878.45479,38.945
18884.42032,37.172
18890.38584,36.108
18896.35137,36.817
18902.3169,41.086
18914.24796,45.318
18926.17902,41.294
18938.11008,37.172
18950.04114,35.398
18961.97219,37.172
18973.90325,38.236
18979.86878,35.288
18985.83431,33.515
18991.79984,33.98
18997.76537,35.398
19003.7309,38.945
19009.69643,41.783
19021.62748,42.492
19033.55854,40.719
19045.4896,42.137
19057.42066,43.556
19063.38619,42.137
19069.35172,38.26
19075.31725,46.137
19081.28278,41.073
19087.24831,40.719
19099.17936,42.492
19111.10502,43.556
19123.02842,44.266
19134.95182,45.684
19146.87521,41.783
19152.83691,39.655
19158.79861,40.364
19164.76031,39.655
19170.722,36.108
19176.6837,34.334
19182.6454,36.695
19188.6071,39.991
19194.5688,45.525
19206.49219,47.999
19212.45389,48.353
19218.41559,47.292
19224.37729,44.465
19230.33898,40.577
19236.30068,37.749
19242.26238,35.629
19248.22408,36.336
19254.18578,39.163
19260.14747,41.991
19272.07087,43.758
19283.99427,41.637
19295.91766,39.163
19307.84106,38.103
19319.76445,39.163
19331.68785,44.818
19343.61125,47.646
19349.57295,47.646
19355.53464,45.878
19361.49634,48.706
19367.45804,47.646
19373.41974,43.404
19379.38144,40.577
19391.30483,39.87
19403.22823,41.637
19415.15162,43.051
19421.11332,41.637
19427.07502,39.517
19433.32545,40.223
19440.07206,41.637
19443.44536,43.051
19446.81866,42.698
19453.56526,42.698
19460.31186,42.698
19473.80506,42.344
19480.55167,42.344
19487.29827,43.051
19494.04487,44.465
19500.79147,45.525
19507.53807,40.577
19514.28467,35.629
19521.03128,39.517
19527.77788,43.404
19534.52448,40.93
19541.27108,35.982
19548.01768,38.103
19554.76428,39.517
19568.25749,38.81
19575.00409,37.396
19581.75069,40.223
19588.49729,42.698
19595.24389,42.698
19601.9905,38.456
19608.7371,35.982
19622.2303,35.275
19635.7235,36.689
19642.47011,38.456
19655.96331,39.87
19662.70991,42.586
19669.45651,43.758
19676.20311,42.344
19682.94972,42.698
19689.69632,41.991
19696.44292,41.991
19703.18952,42.698
19709.93612,42.698
19716.68272,39.517
19723.42933,37.043
19730.17593,36.336
19736.92253,37.043
19743.66913,38.456
19750.41573,38.81
19757.16233,40.577
19763.90894,40.93
19772.31965,39.163
19780.93294,38.456
19789.54622,40.577
19798.15951,41.991
19806.7728,42.698
19815.38609,42.698
19823.99938,42.344
19832.61267,42.344
19841.22596,40.93
19849.83924,43.404
19858.45253,44.818
19867.06582,38.81
19875.67911,32.801
19884.2924,33.508
19892.90569,36.336
19901.51898,41.618
19910.13227,41.991
19918.74555,39.163
19927.35884,37.043
19935.97213,37.749
19944.58542,41.153
19953.19871,39.982
19961.812,36.689
19970.42529,36.336
19979.03857,39.87
19987.65186,46.102
19996.26515,44.465
20004.87844,43.404
20013.49173,42.698
20022.10502,42.698
20026.41166,46.688
20030.71831,46.343
20035.02495,47.05
20039.33159,47.636
20043.63824,46.929
20047.94488,44.465
20052.25153,40.93
20056.55817,39.517
20065.17146,41.991
20073.78475,47.636
20082.39804,45.99
20091.01133,41.284
20099.70366,37.396
20108.56711,39.517
20126.29403,43.042
20135.15749,38.456
20144.02094,36.336
20152.8844,38.103
20161.74786,38.103
20170.61132,38.456
20179.47477,38.456
20183.9065,40.688
20188.33823,44.446
20197.20169,43.748
20214.9286,41.284
20223.79206,42.344
20241.51897,44.93
20259.24589,46.576
20268.10934,44.111
20276.9728,41.991
20285.83626,40.223
20294.69972,41.991
20303.56317,43.404
20312.42663,46.232
20321.29009,49.868
20339.017,44.818
20347.88046,41.637
20356.74392,38.819
20365.60737,43.051
20370.0391,41.991
20374.47083,40.223
20383.33429,36.922
20401.0612,35.275
20409.92466,33.862
20418.78812,34.215
20427.65157,32.801
20436.51503,33.862
20445.37849,35.275
20454.24195,40.8
20458.67367,40.223
20463.1054,41.284
20471.96886,44.111
20480.83232,47.99
20489.69577,43.051
20498.55923,39.628
20507.42269,37.275
20511.85442,35.275
20516.28615,34.922
20520.71787,37.154
20525.1496,41.637
20529.58133,45.878
20534.01306,51.18
20538.44479,54.361
20542.87652,51.543
20547.30825,52.594
20551.73997,47.999
20556.1717,45.525
20560.60343,41.637
20565.03516,42.698
20569.46689,41.637
20573.89862,46.939
20578.33035,50.827
20582.76207,46.585
20587.1938,38.466
20591.62553,40.577
20596.05726,46.232
20604.92072,51.18
20613.78417,53.17
20622.64763,53.422
20631.51109,49.059
20649.238,45.525
20658.10146,40.921
20666.96492,37.982
20684.69183,35.275
20702.41875,35.173
20711.2822,42.335
20715.71393,41.284
20720.14566,36.578
20729.00912,37.749
20737.87258,40.223
20747.08508,40.93
20756.37868,45.172
20765.67229,47.646
20774.96589,45.172
20784.2595,43.404
20793.5531,40.335
20802.84671,37.749
20807.49351,36.336
20812.14031,35.275
20816.78712,33.862
20821.43392,39.163
20826.08072,47.273
20830.72752,44.465
20835.37433,40.223
20840.02113,35.275
20849.31473,33.155
20858.60834,34.913
20867.90194,34.922
20877.19555,37.396
20886.48916,40.577
20895.78276,40.93
20905.07637,37.749
20914.36997,37.043
20923.66358,37.043
20932.95718,37.861
20942.25079,40.577
20951.54439,40.577
20960.838,39.517
20970.1316,41.284
20979.42521,44.334
20988.71881,43.404
21007.30602,43.404
21025.89323,45.274
21035.18684,39.405
21044.48045,42.698
21063.06766,44.325
21081.65487,41.284
21100.24208,43.051
21118.82929,45.172
21128.12289,41.991
21137.4165,37.043
21146.7101,40.223
21156.00371,41.637
21174.59092,40.577
21193.17813,39.163
21211.76534,36.336
21230.35255,34.922
21248.93976,37.749
21267.52697,44.111
21286.11418,51.989
21304.70139,58.118
21323.2886,55.896
21341.87581,54.249
21360.46302,54.249
21379.05023,52.284
21397.63745,48.386
21406.93105,48.031
21416.22466,45.55
21425.51826,44.842
21434.81187,43.424
21444.10547,41.298
21453.39908,40.235
21462.69268,41.298
21471.98629,43.073
21481.27989,46.972
21490.5735,52.28
21499.8671,50.866
21509.16071,47.677
21518.45431,43.07
21527.74792,41.652
