"AGE","GR"
2540.71712388369,6.2117
2542.64620643095,5.8738
2543.61074770458,6.04270000000019
2544.57528897821,6.7186
2545.53983025184,6.8875
2546.50437152547,7.5634
2547.4689127991,8.5772
2548.43345407272,8.9151
2549.39799534635,8.9151
2550.36253661998,9.253
2551.32707789361,8.5772
2552.29161916724,8.0703
2553.25616044087,8.07030000000019
2553.73843107768,8.7461
2554.2207017145,9.422
2555.18524298813,10.098
2556.14978426176,10.993
2558.07886680902,12.1630000000005
2560.00794935628,13.984
2561.93703190354,15.01
2563.86611445079,16.168
2567.72427954531,17.157
2571.58244463983,17.6200000000002
2573.51152718709,18.339
2575.44060973435,19.053
2577.3696922816,18.884
2578.33423355523,18.208
2579.29877482886,18.039
2580.26331610249,18.039
2581.22785737612,18.208
2583.15693992338,19.053
2585.08602247064,22.432
2587.0151050179,23.4459999999997
2588.94418756516,22.457
2590.87327011242,23.446
2592.80235265967,28.515
2594.73143520693,29.698
2596.66051775419,30.0360000000002
2598.58960030145,30.868
2600.51868284871,32.351
2602.44776539597,33.246
2604.37684794323,33.246
2606.30593049048,31.8689999999997
2608.23501303774,30.699
2610.164095585,30.205
2612.09317813226,30.88
2614.02226067952,34.091
2615.95134322678,36.4560000000002
2617.88042577404,37.301
2619.80950832129,37.47
2621.73859086855,36.625
2623.66767341581,34.429
2625.59675596307,31.3869999999998
2627.52583851033,30.542
2629.45492105759,30.868
2631.38400360485,31.531
2633.31308615211,31.531
2635.24216869936,31.1929999999997
2637.17125124662,30.036
2639.10033379388,29.698
2641.02941634114,30.53
2642.9584988884,30.699
2644.88758143566,29.8669999999997
2646.81666398292,28.853
2648.74574653017,27.357
2650.67482907743,25.305
2654.53299417195,23.108
2658.39115926647,21.5869999999996
2662.24932436098,20.067
2664.17840690824,20.236
2665.14294818187,20.067
2666.1074894555,19.222
2667.07203072913,14.9979999999998
2668.03657200276,14.153
2669.00111327639,13.984
2669.96565455002,14.153
2670.93019582365,16.181
2671.89473709728,19.3280000000001
2672.85927837091,19.56
2673.82381964454,19.56
2675.7529021918,19.898
2677.68198473905,21.237
2679.61106728631,21.0809999999998
2681.54014983357,20.405
2683.46923238083,20.924
2685.39831492809,22.601
2687.32739747535,28.857142857143
2689.25648002261,29.180333333333
2691.18556256986,27.501
2693.11464511712,23.108
2694.07918639075,23.277
2695.04372766438,27.839
2696.00826893801,27.241222222222
2696.97281021164,28.853
2698.9018927589,31.556
2700.83097530616,43.3509000000001
2701.79551657979,46.087
2702.76005785342,48.5840000000006
2703.72459912705,50.781
2704.68914040067,48.584
2705.6536816743,44.654
2706.61822294793,39.8795
2707.58276422156,35.5549999999986
2708.54730549519,30.711
2709.51184676882,29.698
2710.47638804245,30.205
2711.44092931608,33.64
2712.40547058971,40.9340000000004
2713.37001186334,42.489
2714.33455313697,40.004
2715.2990944106,36.963
2716.26363568423,36.625
2717.22817695786,37.9770000000009
2718.19271823149,41.293
2719.15725950511,41.525
2720.1477604149,40.004
2721.31787624054,37.301
2722.48799206618,35.6370000000004
2723.65810789182,37.107
2724.82822371746,36.118
2725.9983395431,34.867
2727.16845536873,29.2861249999998
2728.33857119437,23.108
2729.50868702001,22.939
2730.67880284565,25.6425
2731.84891867129,28.177
2733.01903449693,28.346
2734.18915032256,28.3460000000001
2735.3592661482,28.853
2736.52938197384,29.698
2737.69949779948,28.853
2738.86961362512,27.032
2740.03972945075,25.4739999999997
2741.20984527639,24.46
2742.37996110203,22.601
2743.55007692767,20.067
2744.72019275331,17.532
2745.89030857895,16.8560000000001
2748.23054023022,17.194
2750.5707718815,18.546
2752.91100353278,19.729
2755.25123518405,21.081
2757.59146683533,22.4320000000001
2759.93169848661,22.939
2762.27193013788,21.925
2764.61216178916,20.912
2766.95239344044,20.236
2769.29262509171,19.2219999999993
2771.63285674299,16.687
2773.97308839427,16.012
2776.31332004554,16.181
2778.65355169682,19.053
2780.9937833481,22.0940000000014
2783.33401499937,26.91
2785.67424665065,30.492
2788.01447830193,30.348
2790.3547099532,29.504
2792.69494160448,28.007999999999
2795.03517325575,24.591
2797.37540490703,22.601
2799.71563655831,20.067
2800.88575238395,17.651
2802.05586820958,15.3109999999996
2803.22598403522,13.984
2804.39609986086,13.646
2805.5662156865,13.815
2806.73633151214,13.477
2809.07656316341,13.3079999999996
2811.41679481469,11.994
2812.58691064033,11.619
2813.75702646597,12.294
2816.09725811724,12.125
2818.43748976852,13.1390000000002
2820.7777214198,13.815
2823.11795307107,14.866
2825.45818472235,20.692
2827.79841637363,21.212
2830.1386480249,20.379999999999
2832.47887967618,16.856
2834.81911132746,15.843
2837.15934297873,16.856
2839.49957463001,19.56
2841.83980628129,24.0840000000003
2844.18003793256,25.111
2846.52026958384,23.277
2848.86050123512,20.236
2851.20073288639,19.053
2853.54096453767,18.2080000000004
2855.88119618895,19.56
2858.22142784022,22.601
2860.5616594915,25.812
2862.90189114278,26.656
2865.24212279405,25.6429999999996
2867.58235444533,24.122
2869.92258609661,23.784
2872.26281774788,23.615
2874.60304939916,22.939
2876.94328105044,22.7700000000014
2879.28351270171,27.758
2881.62374435299,30.374
2883.96397600427,34.848
2886.30420765554,39.278
2888.64443930682,38.1459999999992
2890.9846709581,35.273
2893.32490260937,33.002
2895.66513426065,30.53
2898.00536591193,28.202
2900.3455975632,30.0360000000006
2901.51571338884,32.194
2902.68582921448,31.218
2903.85594504012,29.71
2905.02606086575,28.008
2906.19617669139,24.9669999999998
2907.36629251703,24.122
2908.53640834267,23.953
2909.70652416831,23.953
2910.87663999395,23.446
2912.04675581958,21.0809999999995
2913.21687164522,19.391
2914.38698747086,19.222
2915.5571032965,20.574
2916.72721912214,25.936
2919.06745077341,26.863
2921.40768242469,26.707
2923.74791407597,27.044
2926.08814572724,28.878
2928.42837737852,30.374
2930.7686090298,31.3870000000005
2933.10884068107,33.077
2935.44907233235,35.78
2937.78930398363,35.611
2940.1295356349,35.273
2942.46976728618,35.442
2944.80999893746,35.442
2947.15023058873,35.78
2949.49046224001,38.772
2951.83069389129,38.146
2954.17092554256,37.8080000000005
2956.51115719384,39.46
2958.85138884512,38.978
2963.53185214767,36.625
2965.87208379895,33.678
2968.21231545022,32.5199999999992
2970.5525471015,29.867
2972.89277875278,28.684
2975.23301040405,27.839
2977.57324205533,26.175
2979.91347370661,24.4850000000002
2982.25370535788,25.305
2984.59393700916,26.149
2986.93416866043,26.487
2989.27440031171,26.149
2991.61463196299,25.6430000000001
2996.29509526554,26.149
3000.97555856809,27.163
3003.31579021937,28.008
3005.65602187065,28.684
3007.99625352192,28.8530000000002
3010.3364851732,29.698
3012.67671682448,30.542
3015.01694847575,31.556
3017.35718012703,33.922
3019.69741177831,34.859999999999
3022.03764342958,31.3875
3024.37787508086,24.46
3026.71810673214,22.77
3029.05833838341,22.432
3031.39857003469,23.615
3033.73880168597,35.7800000000009
3036.07903333724,38.7708333333339
3038.41926498852,43.0138000000008
3040.7594966398,43.209
3043.09972829107,42.297
3045.43995994235,41.2399999999983
3047.78019159363,35.412
3050.1204232449,32.339
3052.46065489618,32.498
3054.80088654746,32.815
3057.14111819873,32.6459999999996
3059.48134985001,31.301
3061.82158150129,25.201
3064.16181315256,23.546
3066.50204480384,23.377
3068.84227645511,24.3000000000008
3071.18250810639,26.937
3073.52273975767,29.266
3075.86297140895,28.664
3078.20320306022,21.512
3080.5434347115,19.8169999999998
3082.88366636277,18.97
3085.22389801405,18.97
3087.56412966533,18.8
3089.90436131661,18.8
3092.24459296788,20.4950000000006
3094.58482461916,22.699
3096.92505627044,23.207
3099.26528792171,23.038
3101.60551957299,23.546
3103.94575122426,26.7670000000002
3106.28598287554,27.467
3108.62621452682,28.632
3110.96644617809,29.977
3113.30667782937,33.324
3115.64690948065,34.395
3117.98714113192,34.395
3120.3273727832,32.88
3122.66760443448,33.039
3125.00783608575,35.242
3127.34806773703,37.2770000000002
3129.68829938831,37.955
3132.02853103958,38.124
3134.36876269086,38.633
3136.70899434214,39.48
3139.04922599341,37.8069999999996
3141.38945764469,36.429
3143.72968929597,35.751
3146.06992094724,35.751
3148.41015259852,35.751
3150.7503842498,35.0714999999987
3153.09061590107,30.496
3155.43084755235,29.988
3157.77107920363,30.424
3160.1113108549,42.2656666666667
3162.45154250618,46.8950000000001
3164.79177415746,47.234
3167.13200580873,45.243
3169.47223746001,42.881
3171.81246911129,41.727
3174.15270076256,41.0059999999998
3176.49293241384,40.328
3178.83316406512,37.955
3181.17339571639,31.8105
3183.51362736767,27.477
3185.85385901894,26.1320000000002
3188.19409067022,26.958
3190.5343223215,28.303
3192.87455397277,29.638
3195.21478562405,28.314
3197.55501727533,27.3079999999995
3199.8952489266,25.465
3202.23548057788,24.733
3204.57571222916,25.072
3206.91594388043,24.733
3209.25617553171,23.2069999999996
3211.59640718299,21.851
3213.93663883426,19.987
3216.27687048554,19.139
3218.61710213682,19.413
3220.95733378809,19.0849999999993
3223.29756543937,16.766
3225.63779709065,15.918
3226.80791291628,16.088
3227.97802874192,16.088
3230.3182603932,15.579
3232.65849204448,15.579
3234.99872369575,16.236
3237.33895534703,16.892
3239.67918699831,15.908
3242.01941864958,14.3929999999997
3244.35965030086,13.376
3246.69988195214,12.878
3249.04011360341,12.052
3251.38034525469,10.527
3253.72057690597,9.4771
3256.06080855724,9.4771
3257.23092438288,9.4771
3258.40104020852,10.029
3259.57115603416,11.533
3260.7412718598,14.519
3261.91138768543,14.382
3263.08150351107,14.541
3264.25161933671,12.784
3265.42173516235,9.2752
3266.59185098799,9.64660000000019
3267.76196681362,10.325
3268.93208263926,11.544
3270.1021984649,11.883
3272.44243011618,12.38
3274.78266176746,14.541
3277.12289341873,14.393
3279.46312507001,14.223
3284.14358837256,14.562
3288.82405167512,15.071
3293.50451497767,15.24
3302.12788223068,15.24
3307.36524780595,16.066
3312.60261338121,15.897
3317.83997895648,15.897
3328.31471010701,15.0709999999998
3338.78944125755,14.393
3349.26417240809,13.217
3359.73890355862,12.719
3364.97626913388,13.715
3370.21363470915,14.054
3372.83231749679,13.884
3375.45100028442,13.884
3378.06968307205,16.236
3380.68836585969,18.948
3383.30704864732,20.9709999999996
3385.92573143496,19.478
3391.16309701022,18.122
3393.78177979786,18.122
3396.40046258549,18.97
3399.01914537312,19.6480000000002
3401.63782816076,20.495
3406.87519373602,21.343
3412.11255931129,22.19
3417.34992488656,22.19
3422.58729046183,20.6649999999997
3427.8246560371,19.478
3433.06202161236,18.97
3438.29938718763,20.156
3443.53675276289,21.851
3448.77411833816,25.5120000000009
3454.01148391343,28.801
3459.2488494887,31.809
3464.48621506397,33.144
3469.72358063923,33.493
3474.9609462145,33.6519999999997
3480.19831178977,32.5249999999998
3485.43567736503,31.398
3490.6730429403,24.2515
3495.91040851557,18.631
3501.14777409084,17.6139999999998
3506.3851396661,16.936
3511.62250524137,16.088
3516.85987081664,15.579
3522.0972363919,15.908
3527.33460196717,15.9079999999998
3532.57196754244,15.071
3537.80933311771,14.732
3548.28406426824,14.223
3558.75879541878,14.393
3569.23352656931,15.5790000000009
3579.70825771985,18.8
3590.18298887038,21.66
3600.65772002091,23.186
3609.27428697695,20.748
3616.57512080213,16.9359999999995
3623.8759546273,15.24
3631.17678845248,14.732
3638.47762227765,14.393
3645.77845610283,14.054
3653.07928992801,14.0540000000001
3660.38012375318,14.393
3667.68095757836,14.054
3674.98179140354,12.052
3682.28262522871,10.664
3689.58345905389,10.325
3696.88429287907,10.494
3704.18512670424,10.494
3711.48596052942,11.035
3718.7867943546,11.702
3726.08762817977,12.6979999999999
3733.38846200495,12.222
3740.68929583013,12.391
3747.9901296553,13.545
3755.29096348048,14.223
3762.59179730566,14.223
3769.89263113083,14.223
3777.19346495601,14.223
3784.49429878118,14.054
3791.79513260636,13.884
3799.09596643154,13.3759999999998
3806.39680025671,12.539
3813.69763408189,12.539
3820.99846790707,13.206
3826.47409327595,13.376
3830.12451018854,13.884
3833.77492710113,13.884
3837.42534401372,13.884
3841.0757609263,14.054
3844.72617783889,14.732
3848.37659475148,14.8910000000003
3852.02701166407,16.066
3857.50263703295,17.062
3864.80347085813,16.405
3872.1043046833,15.41
3879.40513850848,15.0709999999999
3886.70597233366,14.732
3894.00680615883,14.901
3901.30763998401,15.071
3908.60847380919,14.732
3915.90930763436,14.2229999999999
3923.21014145954,13.715
3930.51097528471,13.545
3937.81180910989,13.715
3945.11264293507,13.217
3952.41347676024,13.2170000000003
3959.71431058542,14.393
3967.0151444106,14.901
3974.31597823577,14.732
3981.61681206095,14.562
3988.91764588613,14.901
3996.2184797113,14.901
4003.51931353648,14.732
4010.82014736166,14.732
4018.12098118683,15.738
4025.42181501201,16.247
4032.72264883719,16.257
4040.02348266236,16.088
4047.32431648754,15.749
4054.62515031272,15.918
4061.92598413789,16.7660000000001
4069.22681796307,17.264
4076.52765178824,16.427
4083.82848561342,15.749
4091.1293194386,15.071
4098.43015326377,16.3949999999998
4105.73098708895,15.738
4113.03182091413,13.906
4120.33265473931,13.736
4123.98307165189,15.399
4127.63348856448,14.901
4131.28390547707,14.901
4134.93432238966,17.682
4138.58473930225,21.851
4142.23515621483,24.563
4145.88557312742,25.2410000000001
4149.53599004001,25.75
4153.1864069526,25.772
4156.83682386519,23.38
4160.48724077778,21.1729999999997
4164.13765769036,20.1559999999996
4167.78807460295,18.8
4171.43849151554,17.953
4175.08890842813,17.614
4178.73932534072,18.4610000000002
4182.38974225331,19.3090000000003
4186.04015916589,20.495
4189.69057607848,21.343
4193.34099299107,21.343
4196.99140990366,21.1729999999999
4200.64182681625,21.0039999999999
4204.29224372883,20.665
4207.94266064142,19.413
4211.59307755401,17.073
4213.4182860103,16.0659999999997
4217.06870292289,15.0709999999999
4218.89391137919,14.562
4220.71911983548,14.562
4222.54432829178,14.562
4226.19474520436,15.2190000000002
4229.84516211695,15.9180000000004
4233.49557902954,17.275
4237.14599594213,20.156
4240.79641285472,23.207
4244.44682976731,26.0459999999997
4248.09724667989,24.9019999999985
4251.74766359248,19.6495
4255.39808050507,19.139
4259.04849741766,18.97
4262.69891433025,19.3090000000001
4266.34933124284,19.8170000000003
4269.99974815542,21.004
4273.65016506801,22.021
4277.3005819806,22.021
4280.95099889319,21.3429999999991
4288.25183271836,18.2919999999992
4291.90224963095,15.579
4295.55266654354,12.402
4299.20308345613,11.713
4302.85350036872,12.3800000000004
4306.50391728131,13.8840000000007
4310.15433419389,16.301
4313.80475110648,18.97
4321.10558493166,23.207
4328.40641875684,27.0739999999996
4332.05683566942,25.7499999999989
4335.70725258201,21.851
4339.3576694946,19.013
4343.00808640719,15.388
4346.65850331978,14.2230000000002
4348.48371177607,14.8910000000005
4350.30892023236,16.723
4352.13412868866,17.275
4353.95933714495,17.444
4355.78454560125,18.4610000000005
4357.60975405754,20.1560000000003
4361.26017097013,21.343
4364.91058788272,22.529
4366.73579633901,23.377
4368.56100479531,27.4450000000008
4370.3862132516,30.3160000000005
4372.21142170789,31.968
4374.03663016419,30.327
4375.86183862048,28.314
4377.68704707678,26.9689999999996
4379.51225553307,25.4759999999995
4381.33746398936,23.885
4383.16267244566,23.218
4384.98788090195,26.259
4386.81308935825,28.4299999999995
4388.63829781454,26.7889999999991
4390.46350627084,23.6005
4392.28871472713,21.851
4394.11392318342,23.377
4395.93913163972,26.2590000000005
4397.76434009601,27.943
4399.58954855231,27.943
4401.4147570086,28.112
4403.2399654649,27.615
4405.06517392119,26.0889999999991
4406.89038237748,23.0379999999999
4408.71559083378,22.699
4410.54079929007,23.546
4412.36600774637,24.055
4416.01642465895,24.7330000000007
4419.66684157154,27.1060000000002
4423.31725848413,27.954
4426.96767539672,28.293
4430.61809230931,26.947
4434.26850922189,25.6019999999999
4437.91892613448,25.4110000000002
4441.56934304707,26.121
4443.39455150337,27.117
4445.21975995966,28.451
4447.04496841595,28.112
4448.87017687225,28.112
4450.69538532854,28.112
4452.52059378484,24.902
4454.34580224113,22.572
4456.17101069742,22.5510000000005
4457.99621915372,24.3940000000009
4459.82142761001,27.615
4461.64663606631,28.632
4463.4718445226,29.31
4465.2970529789,36.4290000000002
4467.12226143519,37.2009999999998
4468.94746989148,36.429
4470.77267834778,32.35
4472.59788680407,32.318
4474.42309526037,32.6459999999999
4476.24830371666,32.3179999999992
4478.07351217295,29.479
4479.89872062925,28.642
4481.72392908554,27.806
4483.54913754184,26.7889999999996
4485.37434599813,25.4109999999997
4487.19955445442,24.394
4488.11215868257,23.885
4489.02476291072,26.428
4489.93736713887,27.6040000000002
4490.84997136701,28.2819999999998
4491.76257559516,27.445
4492.67517982331,22.6735
4493.58778405145,18.832
4494.5003882796,17.4660000000007
4495.41299250775,20.0590000000017
4496.32559673589,25.959
4498.15080519219,27.784
4499.97601364848,26.969
4501.80122210478,26.1319999999999
4503.62643056107,25.6340000000001
4505.45163901737,26.121
4507.27684747366,25.411
4509.10205592995,24.563
4510.92726438625,24.5630000000001
4512.75247284254,25.0720000000001
4514.57768129884,25.58
4516.40288975513,24.224
4518.22809821142,21.851
4521.87851512401,19.9869999999998
4525.5289320366,19.3090000000001
4529.17934894919,19.478
4532.82976586178,19.922
4536.48018277437,12.2595
4538.30539123066,9.28600000000009
4540.13059968695,9.60349999999996
4541.95580814325,9.4771
4543.78101659954,8.9686
4545.60622505584,7.6449
4547.43143351213,6.93449999999995
4549.25664196843,6.7650000000001
4551.08185042472,7.104
4552.90705888101,7.443
4554.73226733731,7.782
4556.5574757936,8.62960000000034
4558.3826842499,9.81610000000029
4560.20789270619,10.833
4562.03310116248,9.9856
4565.68351807507,8.6512
4569.33393498766,7.44299999999976
4572.98435190025,6.5954999999999
4574.80956035654,6.2565
4576.63476881284,7.104
4578.45997726913,8.2906
4580.28518572542,8.12099999999981
4582.11039418172,7.443
4583.93560263801,7.443
4585.76081109431,7.6125
4587.5860195506,8.9686
4589.4112280069,10.6640000000003
4591.23643646319,11.8830000000002
4593.06164491948,12.55
4594.88685337578,13.048
4596.71206183207,13.217
4598.53727028837,14.5620000000015
4600.36247874466,19.8390000000001
4602.18768720095,20.091
4604.01289565725,18.746
4605.83810411354,17.231
4607.66331256984,13.3869999999997
4609.48852102613,12.3589999999988
4611.31372948243,8.121
4613.13893793872,7.782
4614.96414639501,8.121
4616.78935485131,7.78199999999986
4618.6145633076,7.27349999999971
4620.4397717639,6.2565
4622.26498022019,5.9174
4624.09018867648,6.426
4625.91539713278,7.78200000000024
4627.74060558907,8.6296000000004
4629.56581404537,10.04
4631.39102250166,11.544
4633.21623095795,13.376
4635.04143941425,15.2400000000011
4636.86664787054,19.0740000000001
4638.69185632684,19.478
4640.51706478313,18.8
4642.34227323943,16.578
4645.99269015201,15.579
4649.6431070646,15.579
4653.29352397719,15.41
4656.94394088978,14.901
4660.59435780237,12.867
4664.24477471496,10.0500000000001
4667.89519162754,10.3250000000002
4671.54560854013,11.003
4675.19602545272,11.003
4678.84644236531,9.8161
4682.4968592779,9.13809999999995
4686.14727619049,8.96860000000019
4689.79769310307,9.6466
4693.44811001566,10.664
4697.09852692825,12.211
4704.39936075343,13.8840000000003
4711.7001945786,15.071
4719.00102840378,15.24
4724.47665377266,15.579
4728.12707068525,16.257
4731.77748759784,23.2290000000004
4733.60269605413,24.5630000000005
4735.42790451043,26.259
4736.34050873857,27.106
4737.25311296672,27.615
4738.16571719487,27.1059999999993
4739.07832142301,24.5629999999994
4739.99092565116,22.36
4740.90352987931,22.021
4741.81613410745,21.682
4742.7287383356,20.4949999999999
4743.64134256375,19.9870000000001
4744.5539467919,20.326
4745.46655102005,20.326
4746.37915524819,19.817
4747.29175947634,19.8170000000002
4748.20436370449,20.4950000000005
4750.02957216078,22.19
4751.85478061707,23.885
4753.67998907337,24.902
4755.50519752966,23.2069999999988
4757.33040598596,19.1389999999995
4759.15561444225,17.275
4760.98082289854,16.596
4762.80603135484,16.766
4764.63123981113,16.7659999999998
4766.45644826743,16.088
4768.28165672372,15.918
4769.19426095187,16.427
4770.10686518001,19.727
4771.01946940816,21.1000000000005
4771.93207363631,22.9230000000004
4772.84467786445,24.464
4773.7572820926,26.156
4774.66988632075,26.495
4775.5824905489,24.9719999999995
4776.49509477704,23.2799999999993
4777.40769900519,20.742
4778.32030323333,22.096
4779.23290746148,25.141
4780.14551168963,26.8330000000002
4781.05811591778,27.6790000000001
4781.97072014593,28.177
4782.88332437407,26.495
4784.70853283037,23.449
4786.53374128666,22.4339999999999
4788.35894974296,22.0960000000001
4790.18415819925,22.434
4792.00936665554,23.28
4793.83457511184,23.957
4795.65978356813,24.6339999999999
4797.48499202443,24.2949999999998
4799.31020048072,23.449
4801.13540893701,26.734
4802.96061739331,29.624
4804.7858258496,29.3049999999986
4806.6110343059,24.3379999999995
4808.43624276219,22.603
4810.26145121849,21.25
4812.08665967478,21.081
4813.91186813107,21.4189999999999
4817.56228504366,20.9119999999999
4821.21270195625,20.404
4824.86311886884,20.235
4828.51353578143,20.573
4832.16395269402,22.246
4835.8143696066,22.2559999999996
4843.11520343178,20.912
4850.41603725696,20.066
4857.71687108213,20.066
4861.36728799472,19.558
4865.01770490731,19.7180000000001
4868.6681218199,20.047
4872.31853873249,18.712
4875.96895564507,18.035
4879.61937255766,19.3890000000006
4883.26978947025,21.4190000000003
4886.92020638284,22.434
4890.57062329543,23.449
4894.22104020802,23.111
4897.8714571206,22.4340000000001
4901.52187403319,22.9420000000002
4905.17229094578,23.788
4908.82270785837,24.464
4912.47312477096,24.117
4916.12354168354,22.4339999999995
4919.77395859613,20.5729999999996
4927.07479242131,19.22
4932.55041779019,19.051
4936.20083470278,18.881
4939.85125161537,18.327
4943.50166852796,16.822999999999
4947.15208544055,14.99
4950.80250235313,14.313
4956.27812772202,15.498
4963.57896154719,16.983
4970.87979537237,18.3740000000033
4974.53021228496,24.126
4978.18062919755,24.427
4981.83104611013,21.927
4985.48146302272,20.742
4992.7822968479,20.5730000000003
4996.43271376049,21.081
4998.25792221678,21.927
5000.08313067307,22.096
5001.90833912937,21.419
5003.73354758566,20.0659999999991
5005.55875604196,18.543
5007.38396449825,17.866
5009.20917295455,18.205
5011.03438141084,18.543
5014.68479832343,20.5730000000012
5018.33521523602,22.603
5021.9856321486,24.126
5023.8108406049,24.634
5025.63604906119,24.295
5027.46125751749,22.7729999999991
5029.28646597378,21.25
5031.11167443008,20.742
5032.93688288637,20.573
5034.76209134266,21.081
5036.58729979896,22.3969999999978
5040.23771671155,18.505
5043.88813362413,17.34
5051.18896744931,17.33
5054.8393843619,17.5
5058.48980127449,17.3209999999996
5060.31500973078,16.654
5063.96542664337,15.498
5067.61584355596,16.174
5071.26626046855,16.344
5074.91667738113,17.8380000000004
5078.56709429372,18.496
5082.21751120631,17.697
5084.04271966261,17.19
5085.8679281189,17.528
5087.69313657519,18.2050000000004
5088.60574080334,18.881
5089.51834503149,20.235
5090.43094925964,21.25
5091.34355348778,22.096
5092.25615771593,23.7880000000008
5093.16876194408,25.141
5094.08136617222,25.818
5094.99397040037,26.833
5095.90657462851,26.495
5096.81917885666,25.6489999999998
5097.73178308481,25.31
5098.64438731296,23.957
5099.55699154111,20.912
5100.46959576925,17.669
5101.3821999974,17.0009999999995
5102.29480422555,16.174
5103.2074084537,16.165
5104.12001268184,16.6793333333333
5105.03261690999,18.026
5105.94522113814,20.4040000000008
5106.85782536629,21.767
5107.77042959443,23.788
5108.68303382258,24.634
5109.59563805072,24.803
5110.50824227887,25.300999999999
5111.42084650702,23.459
5112.33345073516,21.588
5113.24605496331,20.235
5114.15865919146,19.727
5115.07126341961,18.5429999999996
5115.98386764775,17.866
5116.8964718759,18.205
5117.80907610405,19.051
5118.72168033219,20.235
5120.54688878849,23.0829999999991
5122.37209724478,21.588
5123.28470147293,19.558
5124.19730570108,18.374
5125.10990992923,18.035
5126.02251415737,17.8660000000002
5126.93511838552,18.205
5127.84772261366,18.712
5129.67293106996,19.53
5131.49813952625,20.366
5133.32334798255,20.5730000000001
5135.14855643884,20.742
5136.97376489513,20.742
5138.79897335143,19.558
5140.62418180772,16.541
5142.44939026402,16.5130000000016
5146.0998071766,19.323
5149.75022408919,19.84
5153.40064100178,20.066
5157.05105791437,20.066
5160.70147482696,22.4340000000027
5164.35189173955,27.143
5168.00230865214,27.839
5171.65272556472,26.852
5175.30314247731,26.185
5178.9535593899,24.4079999999991
5182.60397630249,22.773
5186.25439321508,22.773
5189.90481012766,22.942
5193.55522704025,22.942
5195.38043549655,23.9570000000003
5197.20564395284,24.436
5199.03085240913,24.775
5200.85606086543,32.585
5202.68126932172,46.5895000000042
5204.50647777802,57.3995000000033
5206.33168623431,68.5609999999993
5208.1568946906,71.5388095238108
5209.9821031469,61.4517692307646
5211.80731160319,45.782
5213.63252005949,44.9359999999996
5215.45772851578,44.259
5219.10814542837,43.921
5222.75856234096,44.09
5226.40897925355,45.782
5230.05939616614,49.3350000000109
5233.70981307872,65.5765
5237.36022999131,75.8596190476189
5241.0106469039,75.6731428571429
5244.66106381649,65.5765
5248.31148072908,54.2409999999931
5251.96189764167,44.1426923076906
5255.61231455425,38.507
5259.26273146684,37.661
5262.91314837943,36.3149130434781
5266.56356529202,32.4492142857122
5270.21398220461,27.7512857142848
5277.51481602978,22.773
5284.81564985496,21.927
5288.46606676755,21.156
5292.11648368014,22.4530000000007
5295.76690059272,23.619
5301.24252596161,22.942
5306.71815133049,22.773
5314.01898515567,22.942
5317.66940206825,23.1110000000006
5321.31981898084,24.126
5324.97023589343,25.451
5328.62065280602,24.793
5332.27106971861,23.083
5335.92148663119,19.5580000000003
5339.57190354378,20.066
5343.22232045637,22.735
5346.87273736896,21.927
5354.17357119413,21.25
5361.47440501931,20.7419999999992
5368.7752388445,19.351
5376.07607266967,17.659
5379.72648958225,15.328
5383.37690649484,13.975
5387.02732340743,13.9750000000002
5390.67774032002,14.313
5394.32815723261,14.821
5397.9785741452,14.483
5405.27940797037,12.64
5412.58024179555,12.1419999999999
5419.88107562072,11.973
5427.1819094459,12.302
5434.48274327108,12.293
5441.78357709625,11.625
5449.08441092143,11.4750000000005
5456.38524474661,12.302
5463.68607857178,13.298
5470.98691239696,13.975
5478.28774622214,14.144
5485.58858004731,14.8020000000008
5496.53983078508,16.146
5503.84066461025,17.65
5514.79191534802,17.33
5525.74316608579,16.005
5533.04399991096,15.4980000000002
5540.34483373614,15.836
5547.64566756131,16.842
5554.94650138649,18.524
5562.24733521167,18.665
5569.54816903684,16.3439999999988
5576.84900286202,14.313
5584.1498366872,13.467
5598.75150433755,14.135
5613.3531719879,14.464
5620.65400581308,14.1439999999996
5627.95483963825,13.477
5629.78004809455,12.302
5631.60525655084,11.625
5633.43046500714,12.452
5635.25567346343,11.6059999999985
5637.08088191972,8.9277
5638.90609037602,8.8994
5640.73129883231,9.407
5642.55650728861,9.7453
5644.3817157449,9.74529999999952
5646.2069242012,8.8994
5649.85734111379,8.0535
5653.50775802637,7.3768
5657.15817493896,10.93
5660.80859185155,12.4520000000003
5664.45900876414,12.96
5668.10942567673,12.791
5671.75984258932,12.283
5675.4102595019,10.121
5679.06067641449,8.62699999999967
5682.71109332708,8.0535
5686.36151023967,7.7151
5690.01192715226,7.7151
5693.66234406484,8.0535
5697.31276097743,8.73020000000058
5700.96317789002,9.7453
5704.61359480261,10.253
5708.2640117152,10.422
5711.91442862778,9.407
5715.56484554037,7.71509999999962
5719.21526245296,7.0384
5722.86567936555,7.0384
5726.51609627814,7.0384
5730.9434132401,7.0384
5735.90285014472,6.53080000000019
5740.86228704933,6.8692
5745.82172395394,7.7151
5750.78116085855,9.2378
5755.74059776316,9.9145
5760.70003466777,10.253
5765.65947157238,10.253
5770.61890847699,10.422
5775.57834538161,10.422
5780.53778228622,10.591
5785.49721919083,10.7599999999998
5790.45665609544,10.422
5795.41609300005,10.084
5800.37552990466,10.93
5805.33496680927,11.916
5810.29440371388,12.7910000000003
5812.77412216619,13.298
5815.25384061849,13.975
5820.21327752311,13.975
5825.17271442772,14.144
5830.13215133233,14.3129999999998
5835.09158823694,13.975
5840.05102514155,12.452
5845.01046204616,7.5459
5849.96989895077,8.2227
5854.92933585538,8.5609999999999
5859.88877276,8.3919
5864.84820966461,8.0535
5869.80764656922,7.7151
5874.76708347383,7.7151
5879.72652037844,7.3768000000001
5884.68595728305,7.5459
5889.64539418766,7.5459
5894.60483109227,7.3768
5899.56426799689,7.2076
5904.5237049015,7.20760000000019
5909.48314180611,7.5459
5914.44257871072,8.3919
5919.40201561533,8.8994
5924.36145251994,8.8994
5929.32088942455,7.88429999999952
5934.28032632916,7.0384
5939.23976323377,7.0384
5944.19920013839,7.0384
5949.158637043,6.5308
5954.11807394761,6.02330000000019
5959.07751085222,6.3616
5964.03694775683,6.8692
5968.99638466144,7.0384
5973.95582156605,7.2076
5978.91525847066,7.71510000000067
5983.87469537528,8.89
5988.83413227989,8.3919
5993.7935691845,7.5554
5998.75300608911,6.7189
6003.71244299372,7.37679999999971
6008.67187989833,6.8692
6013.63131680294,6.1925
6018.59075370755,6.0233
6023.55019061217,6.8692
6028.50962751678,7.8843000000001
6033.46906442139,8.0535
6038.428501326,7.8843
6043.38793823061,7.2076
6048.34737513522,7.2076
6053.30681203983,8.0535000000001
6058.26624894444,8.2227
6063.22568584905,8.2227
6068.18512275367,8.0535
6073.14455965828,7.3768
6078.10399656289,6.8692
6083.0634334675,6.8692
6088.02287037211,6.5308
6092.98230727672,6.5308
6097.94174418133,7.3768
6102.90118108594,7.7151
6107.86061799056,7.7151
6112.82005489517,6.5402
6117.77949179978,6.0327
6122.73892870439,6.5308
6127.698365609,6.86920000000019
6132.65780251361,7.2076
6137.61723941822,7.5459
6142.57667632283,7.7151
6147.53611322745,7.8843
6152.49555013206,7.8843
6157.45498703667,7.8843
6162.41442394128,7.3768
6167.37386084589,7.7151
6172.3332977505,8.561
6177.29273465511,8.39189999999952
6182.25217155972,7.5459
6187.21160846433,6.3616
6192.17104536895,6.0233
6197.13048227356,5.8541
6202.08991917817,5.85409999999971
6207.04935608278,5.3465
6212.00879298739,5.1773
6216.968229892,6.5308
6221.92766679661,7.2076
6226.88710370122,6.36159999999901
6231.84654060584,4.78683333333333
6237.01465955789,4.80382857142855
6242.54716309342,5.1184
6248.07966662895,5.43297142857145
6253.61217016448,6.02330000000048
6259.14467370001,6.8692
6264.67717723554,7.2076
6270.20968077107,7.3768
6275.7421843066,8.0535
6281.27468784213,8.7302
6286.80719137766,8.7302
6292.33969491318,8.3919
6297.87219844872,9.5573
6303.40470198425,10.544
6308.93720551977,9.74529999999952
6314.4697090553,8.8994
6320.00221259083,8.3919
6325.53471612636,8.3919
6331.06721966189,8.8994
6336.59972319742,9.57620000000058
6342.13222673295,10.591
6347.66473026848,11.099
6353.19723380401,11.437
6358.72973733954,12.452
6364.26224087507,12.791
6369.7947444106,12.791
6375.32724794613,12.452
6380.85975148166,10.76
6386.39225501719,9.407
6391.92475855272,9.407
6397.45726208825,9.407
6402.98976562377,9.0686
6408.52226915931,9.2378
6414.05477269484,11.606
6419.58727623036,12.9600000000002
6425.11977976589,13.298
6436.18478683695,13.129
6447.24979390801,13.129
6452.78229744354,13.129
6458.31480097907,13.298
6469.37980805013,13.298
6480.44481512119,13.129
6491.50982219225,12.96
6497.04232572778,12.791
6502.57482926331,11.2679999999991
6508.10733279884,9.7453
6513.63983633436,9.0686
6519.1723398699,9.0686
6530.23734694095,8.7302
6541.302354012,8.39189999999961
6552.36736108307,7.7151
6563.43236815413,6.7
6568.96487168966,5.5157
6580.02987876072,4.8566
6591.09488583177,4.29397142857156
6602.15989290284,4.69472500000019
6607.69239643837,5.28833999999991
6613.2248999739,5.6849
6618.75740350943,6.0233
6624.28990704495,6.0232999999999
6629.82241058048,5.8541
6635.35491411602,5.8541
6646.41992118707,7.0384
6657.48492825813,7.0572
6668.54993532918,7.20760000000048
6679.61494240025,8.0535
6690.67994947131,10.084
6701.74495654237,11.437
6712.80996361343,12.772
6723.87497068448,11.9539999999998
6734.93997775554,11.635
6746.00498482661,12.621
6757.06999189766,12.96
6768.13499896872,13.298
6779.20000603978,13.2979999999996
6795.79751664637,12.631
6806.86252371743,11.635
6828.99253785955,11.137
6834.52504139508,12.621
6845.59004846613,13.2979999999998
6851.12255200166,12.96
6862.18755907272,12.621
6873.25256614378,11.456
6884.31757321484,10.422
6895.3825802859,9.95220000000075
6906.44758735695,11.277
6917.51259442802,13.11
6928.57760149908,12.612
6939.64260857014,11.456
6950.7076156412,10.9299999999995
6961.77262271224,10.084
6972.83762978331,9.5762
6983.90263685437,9.2378
6994.96764392543,9.0686
7017.09765806755,8.89940000000115
7039.22767220967,10.93
7050.29267928073,12.96
7055.82518281626,14.483
7066.89018988731,16.983
7069.65644165508,17.151999999999
7072.42269342284,15.328
7075.18894519061,14.483
7077.95519695837,13.637
7080.72144872614,11.099
7083.4877004939,8.22269999999942
7086.25395226167,7.2076
7089.02020402943,6.7
7094.55270756496,6.7
7100.08521110049,6.8692
7105.61771463602,7.0384
7111.15021817155,7.0384
7116.68272170708,6.7
7122.21522524261,6.4202
7127.74772877814,6.7604
7133.28023231367,7.10070000000039
7138.8127358492,7.7811
7144.34523938473,8.1214
7149.87774292026,7.9513
7155.41024645579,7.611
7160.94274999132,7.44089999999961
7166.47525352684,6.7604
7177.5402605979,6.08
7183.07276413343,6.08
7188.60526766896,6.9306
7191.37151943673,8.29150000000019
7194.1377712045,8.6317
7196.90402297226,9.3122
7199.67027474002,10.163
7202.43652650779,10.673
7205.20277827555,10.503
7207.96903004332,10.503
7210.73528181108,10.673
7213.50153357885,10.843
7216.26778534661,10.503
7227.33279241766,9.48229999999971
7238.39779948873,8.972
7243.93030302426,9.1421
7249.46280655979,9.6524
7254.99531009532,9.6524
7260.52781363085,9.14209999999942
7266.06031716638,8.1214
7271.59282070191,7.2708
7277.12532423744,6.2501
7282.65782777297,4.56195714285679
7288.19033130849,3.79420000000035
7293.72283484402,4.40965454545461
7299.25533837955,5.05157142857117
7304.78784191508,5.5696
7315.85284898614,6.2501
7321.38535252167,6.7604000000001
7326.9178560572,6.9306
7332.45035959273,6.9306
7343.51536666379,7.4409
7354.58037373485,7.9513
7360.11287727038,9.99270000000107
7365.64538080591,11.873
7371.17788434144,12.551
7376.71038787697,11.873
7387.77539494803,8.972
7398.84040201907,8.4615999999999
7409.90540909014,8.2915
7415.43791262567,8.8019
7420.9704161612,9.851
7426.50291969673,11.013
7432.03542323226,11.3539999999995
7437.56792676779,10.503
7443.10043030332,9.6524
7448.63293383885,9.4823
7454.16543737438,8.6317
7459.69794090991,7.27079999999952
7465.23044444544,6.4202
7470.76294798097,6.4202
7476.2954515165,6.7604
7481.82795505202,8.1214
7487.36045858756,9.47919999999991
7492.89296212309,9.3122
7498.42546565862,8.972
7503.95796919414,8.8019
7509.49047272967,9.4823
7515.0229762652,9.99270000000029
7520.55547980073,10.503
7526.08798333626,11.013
7537.15299040732,11.184
7548.21799747838,10.503
7559.28300454943,9.31220000000029
7570.3480116205,9.8226
7581.41301869156,11.347
7592.47802576261,12.374
7603.54303283368,12.204
7609.07553636921,11.5239999999997
7614.60803990473,11.013
7620.14054344026,10.333
7625.67304697579,9.4823
7631.20555051132,8.6317
7636.73805404685,8.4615999999999
7642.27055758238,8.2915
7647.80306111791,7.7811
7653.33556465344,7.9481
7658.86806818897,8.7987
7664.4005717245,8.8019
7669.93307526003,8.8019
7675.46557879556,7.7811
7680.99808233109,7.1007
7686.53058586662,7.1007
7692.06308940215,7.10069999999971
7697.59559293768,6.5903
7703.1280964732,5.9098
7708.66060000874,5.9098
7714.19310354427,7.2676
7719.7256070798,7.94489999999981
7725.25811061532,7.6079
7730.79061415085,7.1007
7736.32311768638,7.611
7741.85562122191,7.4409
7747.38812475744,7.27079999999981
7752.92062829297,6.9306
7758.4531318285,6.7604
7763.98563536403,6.2501
7769.51813889956,5.9098
7775.05064243509,5.5696
7780.58314597062,5.5696
7786.11564950615,5.5696
7791.64815304168,5.7397
7797.18065657721,6.5903
7802.71316011274,7.44089999999981
7808.24566364827,7.1007
7813.77816718379,7.4409
7819.31067071933,8.2915
7824.84317425486,9.3122
7830.37567779039,8.80189999999971
7835.90818132591,8.2915
7841.44068486144,8.2915
7846.97318839697,8.2915
7852.5056919325,7.7811
7858.03819546803,7.27710000000164
7863.57069900356,10.163
7869.10320253909,11.861
7874.63570607462,11.354
7880.16820961015,9.6524
7885.70071314568,8.46159999999932
7891.23321668121,7.2708
7896.76572021674,6.7604
7902.29822375227,7.4409
7907.8307272878,8.6317
7913.36323082333,8.6316999999999
7918.89573435886,8.4616
7929.96074142991,8.8019
7941.02574850098,8.972
7952.09075557203,8.8019
7963.15576264308,8.4616
7968.68826617862,8.4616
7974.22076971415,9.1421
7979.75327324968,9.4823
7985.28577678521,9.1421
7990.81828032074,9.48230000000019
7993.5845320885,9.8226
7996.35078385627,9.8226
8001.8832873918,9.6524
8007.41579092733,9.8226
8012.94829446286,9.65239999999971
8018.48079799839,9.1421
8024.01330153392,9.1421
8029.54580506945,9.1674
8035.07830860497,8.4616
8040.61081214051,7.95129999999961
8046.14331567604,7.2708
8051.67581921157,8.4616
8054.44207097933,10.673
8057.20832274709,12.204
8062.74082628262,12.7150000000001
8068.27332981815,12.885
8073.80583335368,10.846
8084.87084042474,9.9864
8095.9358474958,11.87
8107.00085456686,14.0760000000005
8118.06586163792,14.926
8129.13086870898,15.096
8140.19587578004,15.436
8151.26088285109,15.944
8167.85839345768,15.4359999999996
8178.92340052874,14.756
8189.9884075998,14.076
8201.05341467086,13.735
8212.11842174192,13.735
8223.18342881298,14.2460000000002
8234.24843588404,14.586
8245.3134429551,14.756
8267.44345709722,14.076
8284.0409677038,13.228
8295.10597477486,13.0580000000004
8306.17098184592,13.735
8317.23598891698,16.278
8328.40915059972,17.802
8350.99067670138,18.653
8362.28143975221,18.1579999999997
8373.57220280304,17.639
8396.15372890468,17.635
8413.08987348094,15.777
8418.73525500635,14.076
8427.20332729447,13.9050000000001
8432.84870881989,14.076
8441.31678110801,13.905
8452.60754415884,13.565
8463.89830720967,11.196
8486.47983331132,11.0290000000001
8497.77059636216,11.199
8509.06135941298,11.707
8520.35212246381,11.707
8525.99750398923,13.058
8531.64288551464,14.076
8537.28826704005,14.076
8548.57903009088,13.061
8559.86979314171,11.559
8571.16055619254,10.843
8582.45131924337,10.3329999999997
8605.03284534503,9.8226
8616.32360839586,9.1421
8638.90513449751,9.4823
8661.48666059917,9.9927
8684.06818670083,10.503
8706.64971280249,10.503
8729.23123890414,9.8226
8751.8127650058,9.4823
8774.39429110746,10.673
8796.97581720912,11.6940000000004
8819.55734331077,12.374
8836.49348788702,12.374
8847.78425093785,12.204
8859.07501398868,11.873
8870.36577703951,11.1960000000007
8881.65654009033,12.377
8904.23806619199,13.905
8926.81959229364,14.076
8949.40111839531,13.565
8971.98264449697,12.5509999999995
8994.56417059862,11.707
9005.85493364945,11.354
9017.14569670028,11.524
9028.43645975111,11.694
9039.72722280194,11.5239999999996
9051.01798585277,10.843
9062.3087489036,11.354
9079.24489347984,12.211
9090.53565653067,13.225
9101.8264195815,13.9050000000001
9124.40794568315,14.076
9146.98947178481,14.246
9169.57099788646,14.756
9192.15252398813,14.756
9203.44328703896,14.2459999999991
9226.02481314062,12.721
9248.60633924227,11.873
9271.18786534392,11.536
9293.76939144559,12.718
9316.35091754725,13.7350000000005
9335.5881477272,14.586
9344.50892575527,15.266
9353.42970378335,15.266
9357.89009279738,15.096
9362.35048181142,14.5859999999995
9366.81087082546,13.735
9375.73164885353,13.735
9389.11281589564,12.544
9406.95437195179,11.184
9424.79592800793,10.1630000000001
9433.71670603601,10.333
9438.17709505004,10.673
9442.63748406408,11.354
9451.55826209215,11.877
9460.47904012022,12.8910000000009
9469.3998181483,14.416
9478.32059617637,15.096
9487.24137420444,16.621
9491.70176321848,18.65
9496.16215223252,18.669
9500.62254124655,18.669
9505.08293026059,18.653
9509.54331927463,16.627
9514.00370828866,14.586
9518.4640973027,11.872999999999
9522.92448631674,10.185
9531.84526434481,8.972
9540.76604237288,8.2915
9549.68682040095,8.4616
9558.60759842903,9.48230000000039
9567.5283764571,10.163
9576.44915448517,11.184
9585.36993251325,11.524
9594.29071054132,11.354
9603.21148856939,11.354
9612.13226659747,10.843
9621.05304462554,9.48229999999942
9629.97382265361,8.4616
9638.89460068168,8.2915
9647.81537870976,8.4616
9661.19654575187,9.3122
9679.038101808,9.82260000000029
9692.41926885013,10.333
9710.26082490627,10.673
9723.64199194838,11.524
9730.33257546944,12.718
9737.02315899049,11.3659999999998
9745.94393701856,11.032
9759.32510406067,13.058
9768.24588208875,14.076
9777.16666011682,14.076
9786.08743814489,14.9260000000015
9795.00821617296,17.635
9803.92899420104,18.653
9812.84977222911,18.499
9821.98742814017,18.669
9831.19396129594,18.8389999999999
9840.4004944517,18.669
9849.60702760747,18.499
9868.020093919,18.499
9886.43316023053,18.499
9904.84622654206,18.3280000000002
9914.05275969783,18.669
9927.86255943149,20.37
9946.27562574302,21.901
9964.68869205455,21.731
9983.10175836609,20.5399999999997
9996.91155809973,20.03
10006.1180912555,19.519
10015.3246244113,18.328
10024.531157567,17.648
10033.7376907228,18.4990000000014
10042.9442238786,20.88
10052.1507570343,24.283
10061.3572901901,25.303
10075.1670899237,25.984
10093.5801562353,27.0009999999999
10102.786689391,26.834
10111.9932225468,26.664
10125.8030222805,26.834
10135.0095554362,26.494
10153.4226217478,24.2919999999996
10171.8356880593,23.602
10185.6454877929,23.772
10204.0585541045,24.793
10217.8683538381,25.473
10227.0748869939,25.3029999999993
10240.8846867275,24.112
10254.6944864612,22.922
10263.901019617,23.262
10270.8059194838,25.637
10275.4091860617,27.3379999999998
10280.0124526396,27.005
10286.9173525064,25.814
10296.1238856621,23.942
10305.3304188179,23.092
10314.5369519737,22.4110000000002
10321.4418518405,22.752
10328.3467517073,23.092
10337.5532848631,23.092
10346.7598180189,21.561
10355.9663511746,17.8149999999993
10365.1728843304,16.627
10374.3794174862,16.794
10381.284317353,17.979
10388.1892172198,19.856
10401.9990169535,20.0299999999993
10420.412083265,18.839
10425.0153498429,18.839
10434.2218829986,18.328
10443.4284161544,17.478
10452.6349493102,17.6350000000002
10461.8414824659,17.972
10471.0480156217,15.947
10480.2545487775,14.926
10484.8578153554,14.926
10489.4610819332,15.096
10494.0643485111,15.096
10498.667615089,15.096
10503.2708816669,15.096
10512.4774148227,14.926
10521.6839479784,14.926
10530.8904811342,14.926
10540.09701429,15.096
10549.3035474457,14.079
10558.5100806015,12.724
10567.7166137573,13.5680000000003
10576.923146913,14.076
10586.1296800688,14.246
10590.7329466467,14.416
10595.3362132246,15.096
10599.9394798024,15.2659999999999
10609.1460129582,15.096
10613.7492795361,15.433
10618.352546114,16.114
10622.9558126919,15.777
10627.5590792697,15.4359999999994
10632.1623458476,14.416
10636.7656124255,14.076
10641.3688790034,14.076
10650.5754121592,14.076
10655.178678737,14.2460000000001
10664.3852118928,14.416
10668.9884784707,14.926
10673.5917450486,16.284
10678.1950116265,16.284
10682.7982782043,15.4359999999994
10687.4015447822,14.416
10692.0048113601,14.416
10696.608077938,14.586
10701.2113445159,14.416
10710.4178776716,13.2309999999991
10719.6244108274,11.707
10728.8309439832,11.013
10733.4342105611,11.013
10738.0374771389,11.369
10742.6407437168,11.7070000000017
10747.2440102947,14.718
10751.8472768726,15.096
10756.4505434505,14.756
10761.0538100284,14.076
10765.6570766062,13.9050000000003
10770.2603431841,14.416
10774.863609762,14.756
10779.4668763399,15.263
10784.2531712554,17.128
10789.643742235,16.9609999999996
10795.0343132146,16.284
10800.4248841942,15.607
10811.2060261534,15.436
10821.9871681125,15.266
10832.7683100717,15.266
10843.5494520308,15.266
10848.9400230104,15.944
10854.33059399,15.944
10859.7211649696,15.944
10865.1117359492,15.4359999999996
10870.5023069287,14.756
10875.8928779083,14.416
10881.2834488879,14.076
10886.6740198675,12.891
10892.0645908471,13.2280000000007
10897.4551618267,14.416
10900.1504473164,15.266
10902.8457328062,15.607
10905.541018296,15.607
10908.2363037858,14.7559999999999
10910.9315892756,14.586
10913.6268747654,15.436
10914.9745175103,15.777
10916.3221602552,14.926
10917.6698030001,13.2249999999988
10919.017445745,11.029
10920.3650884899,10.333
10921.7127312348,9.4823
10923.0603739797,9.1421
10924.4080167246,9.48230000000029
10927.1033022143,9.9927
10929.7985877041,10.333
10935.1891586837,10.163
10940.5797296633,10.503
10945.9703006429,11.0130000000006
10948.6655861327,12.034
10951.3608716225,13.225
10956.751442602,13.395
10962.1420135816,13.565
10967.5325845612,13.9049999999996
10972.9231555408,13.225
10978.3137265204,13.905
10983.7042974999,14.416
10986.3995829897,14.586
10989.0948684795,14.415999999999
10999.8760104387,12.721
11005.2665814183,14.756
11010.6571523979,16.454
11016.0477233774,17.976
11021.438294357,18.6529999999993
11032.2194363162,17.468
11043.0005782753,15.263
11053.7817202345,14.586
11064.5628621937,14.246
11069.9534331732,13.9050000000001
11075.3440041528,14.076
11080.7345751324,14.076
11086.125146112,13.568
11091.5157170916,12.724
11096.9062880712,12.3839999999991
11102.2968590507,10.859
11107.6874300303,10.188
11113.0780010099,9.6524
11118.4685719895,8.972
11123.8591429691,8.63169999999981
11129.2497139486,8.2915
11134.6402849282,7.9513
11140.0308559078,7.611
11145.4214268874,7.611
11150.811997867,7.7811
11156.2025688465,7.7811
11166.9837108057,7.611
11177.7648527649,7.9513
11188.545994724,8.7987
11199.3271366832,8.62859999999942
11210.1082786424,7.611
11220.8894206015,6.7604
11231.6705625607,6.7604
11237.0611335403,7.611
11242.4517045198,7.7811000000001
11247.8422754994,7.9513
11253.232846479,8.2915
11258.6234174586,8.2915
11264.0139884382,8.972
11266.709273928,9.65240000000098
11269.4045594177,11.369
11272.0998449075,13.905
11274.7951303973,15.266
11280.1857013769,15.436
11285.5762723565,15.4359999999999
11290.9668433361,15.188
11296.3574143156,15.342
11301.7479852952,15.172
11307.1385562748,14.495
11312.5291272544,13.4939999999998
11317.919698234,13.163
11328.7008401931,13.163
11334.0914111727,12.824
11339.4819821523,10.283
11344.8725531319,9.75980000000028
11350.2631241115,10.245
11355.653695091,11.145
11366.4348370502,11.815
11371.8254080298,12.485
11377.2159790094,13.1550000000003
11382.6065499889,13.656
11387.9971209685,13.656
11393.3876919481,13.656
11396.0829774379,13.317
11398.7782629277,12.4850000000005
11400.1259056726,13.317
11401.4735484175,13.817
11404.1688339073,13.317
11409.5594048869,13.817
11412.2546903766,13.6479999999996
11414.9499758664,12.97
11420.340546846,13.14
11423.0358323358,13.987
11425.7311178256,13.987
11428.4264033154,14.3250000000001
11431.1216888052,14.495
11433.816974295,14.325
11436.5122597848,14.495
11439.2075452746,15.511
11441.9028307643,16.6820000000001
11444.5981162541,16.851
11447.2934017439,15.681
11449.9886872337,15.681
11452.6839727235,17.028
11458.0745437031,19.0300000000006
11463.4651146827,20.039
11468.8556856622,19.915
11474.2462566418,20.423
11479.6368276214,22.117
11485.027398601,25.1660000000007
11490.4179695806,26.352
11495.8085405602,26.69
11501.1991115397,26.86
11506.5896825193,26.352
11511.9802534989,21.2098571428502
11517.3708244785,17.4504999999995
11522.7613954581,19.9039047619055
11528.1519664376,24.7377826086955
11533.5425374172,25.843
11538.9331083968,26.3359999999991
11544.3236793764,24.688
11549.714250356,19.415
11555.1048213355,16.527
11560.4953923151,15.349
11565.8859632947,11.9919999999998
11568.5812487845,11.615
11571.2765342743,11.785
11573.9718197641,11.615
11576.6671052539,11.615
11579.3623907437,11.8080000000004
11582.0576762335,12.485
11584.7529617232,13.324
11587.448247213,14.495
11590.1435327028,15.003
11592.8388181926,15.1719999999993
11595.5341036824,13.987
11598.2293891722,11.977
11600.924674662,11.446
11603.6199601518,10.599
11606.3152456416,9.41339999999923
11609.0105311314,8.0583
11611.7058166211,8.3971
11614.4011021109,9.0746
11617.0963876007,9.9215
11619.7916730905,10.4300000000003
11625.1822440701,10.938
11630.5728150497,11.785
11635.9633860293,11.785
11641.9863332729,11.277
11645.9404730376,10.7679999999996
11649.8946128022,10.091
11653.8487525669,9.4134
11657.8028923316,8.2277
11661.7570320962,7.0421
11665.7111718609,7.38080000000029
11681.5277309196,7.889
11697.3442899783,8.2277
11705.2525695076,8.5665
11713.160849037,8.9052
11721.0691285663,8.3970999999999
11728.9774080957,8.2277
11736.885687625,8.3971
11744.7939671543,9.0746
11752.7022466837,10.43
11760.610526213,11.4229999999999
11768.5188057424,11.193
11776.4270852717,10.768
11784.3353648011,10.938
11792.2436443304,10.938
11800.1519238597,11.8080000000003
11808.0602033891,12.316
11815.9684829184,12.655
11831.7850419771,13.987
11847.6016010358,14.664
11863.4181600945,15.8500000000006
11887.1429986825,16.851
11910.8678372705,17.544
11942.5009553879,18.883
11974.1340735053,18.368
11989.950632564,16.195999999999
12005.7671916226,14.495
12021.5837506813,12.647
12037.40030974,10.076
12045.3085892693,9.9215
12053.2168687987,10.0910000000001
12061.125148328,10.26
12069.0334278574,10.091
12076.9417073867,10.091
12084.8499869161,10.768
12092.7582664454,11.2770000000001
12100.6665459747,11.484
12108.5748255041,12.146
12116.4831050334,15.311
12124.3913845628,14.834
12132.2996640921,13.6479999999989
12140.2079436215,11.646
12148.1162231508,10.498
12156.0245026801,9.7522
12163.9327822095,9.4134
12171.8410617388,10.2600000000008
12179.7493412682,11.615
12187.6576207975,12.293
12195.5659003269,11.615
12203.4741798562,10.599
12211.3824593855,9.41340000000029
12215.3365991502,9.9215
12219.2907389149,11.438
12227.1990184442,11.107
12235.1072979736,10.938
12243.0155775029,11.4460000000007
12250.9238570322,12.632
12266.7404160909,12.293
12282.5569751496,12.301
12290.465254679,13.14
12298.3735342083,13.1399999999991
12306.2818137376,11.522
12310.2359535023,10.468
12314.190093267,10.468
12318.1442330317,10.768
12322.0983727963,11.785
12326.052512561,11.785
12330.0066523257,11.446
12337.914931855,10.091
12341.8690716197,9.067
12345.8232113844,10.0680000000019
12349.777351149,13.479
12353.7314909137,15.003
12357.6856306784,15.681
12361.639770443,15.342
12365.5939102077,14.4949999999998
12369.5480499724,14.156
12373.5021897371,14.325
12377.4563295017,17.167
12385.3646090311,15.85
12389.3187487957,14.6639999999996
12393.2728885604,13.994
12397.2270283251,13.155
12401.1811680898,13.486
12403.1582379721,14.495
12405.1353078544,14.8339999999999
12407.1123777367,14.664
12409.0894476191,14.156
12411.0665175014,13.817
12413.0435873838,13.987
12415.0206572661,13.648
12416.9977271484,13.648
12418.9747970307,12.293
12420.9518669131,10.938
12422.9289367955,11.446
12424.9060066778,12.8010000000002
12428.8601464425,13.14
12432.8142862071,13.479
12440.7225657365,13.648
12448.6308452658,14.156
12456.5391247952,14.3250000000001
12464.4474043245,14.495
12472.3556838538,14.495
12480.2639633832,14.664
12484.2181031479,14.834
12488.1722429125,15.0030000000004
12492.1263826772,15.673
12496.0805224419,16.512
12500.0346622065,17.005
12503.9888019712,15.996
12511.8970815005,14.540999999999
12519.8053610299,12.816
12523.7595007946,12.639
12527.7136405592,12.639
12535.6219200886,13.309
12539.5760598532,13.9870000000007
12543.5301996179,15.172
12547.4843393826,15.172
12551.4384791473,14.325
12555.3926189119,13.656
12559.3467586766,12.6549999999999
12563.3008984413,12.478
12567.2550382059,12.308
12571.2091779706,12.293
12575.1633177353,12.632
12579.1174575,12.1229999999992
12583.0715972646,10.768
12587.0257370293,9.244
12590.979876794,8.5665
12592.9569466763,8.5665
12594.9340165586,9.4058000000001
12596.911086441,9.5751
12598.8881563233,9.2364
12600.8652262056,9.0746
12602.842296088,10.938
12604.8193659704,13.4790000000007
12606.7964358527,14.664
12610.7505756173,15.003
12612.7276454997,14.664
12614.704715382,14.156
12616.6817852644,14.8260000000001
12618.6588551467,14.995
12620.635925029,13.648
12622.6129949113,11.014
12624.5900647937,10.768
12626.567134676,10.4299999999992
12628.5442045584,9.0746
12630.5212744407,7.5502
12632.498344323,6.7033
12634.4754142054,7.2114
12636.4524840877,7.5502
12638.42955397,7.5502
12646.3378334994,7.5502
12654.2461130287,7.3808
12662.1543925581,7.3808
12666.1085323227,7.21139999999962
12670.0626720874,6.5415
12674.0168118521,6.8727
12677.9709516167,7.7196
12681.9250913814,9.0746
12685.8792311461,9.24399999999981
12689.8333709108,8.9052
12693.7875106754,8.2277
12697.7416504401,8.7359
12701.6957902048,9.244
12703.6728600871,8.90519999999895
12705.6499299694,7.065
12709.6040697341,6.3645
12713.5582094988,6.1951
12717.5123492634,7.3808
12721.4664890281,8.22770000000077
12725.4206287928,9.5828
12729.3747685575,10.091
12733.3289083221,10.43
12737.2830480868,10.26
12741.2371878515,9.92149999999971
12745.1913276161,9.4134
12747.1683974984,9.5828
12749.1454673808,9.7522
12753.0996071455,10.26
12757.0537469102,10.5990000000003
12761.0078866748,11.145
12764.9620264395,12.154
12768.9161662042,13.155
12772.8703059688,14.325
12776.8244457335,15.8420000000008
12780.7785854982,17.182
12784.7327252629,17.852
12788.6868650275,18.221
12792.6410047922,18.391
12796.5951445569,16.8659999999993
12798.5722144392,15.681
12800.5492843215,15.342
12802.5263542039,16.181
12804.5034240862,17.359
12806.4804939686,16.6970000000003
12808.4575638509,17.205
12810.4346337332,17.374
12812.4117036156,17.7130000000004
12816.3658433802,18.391
12820.3199831449,18.5599999999998
12828.2282626742,18.221
12836.1365422036,17.713
12840.0906819683,17.8820000000015
12844.0448217329,20.57
12847.9989614976,21.0929999999993
12851.9531012623,19.915
12855.9072410269,19.068
12859.0171465765,18.7290000000002
12864.6929664839,19.068
12870.3687863914,19.5610000000004
12873.2066963451,20.254
12876.0446062988,19.915
12878.8825162525,20.2540000000002
12881.7204262063,20.547
12884.55833616,19.2829999999983
12887.3962461137,16.358
12890.2341560674,15.85
12893.0720660212,17.0200000000005
12895.9099759749,17.86
12898.7478859286,17.3669999999996
12901.5857958823,16.697
12904.4237058361,16.866
12910.0995257435,17.3740000000003
12915.775345651,17.86
12921.4511655584,17.6979999999995
12927.1269854658,16.866
12932.8028053733,16.358
12938.4786252807,17.5280000000001
12944.1544451882,17.698
12949.8302650956,17.374
12955.5060850031,17.374
12961.1819049105,17.374
12972.5335447254,16.6969999999999
12978.2093646329,16.527
12983.8851845403,16.5269999999998
12989.5610044478,16.189
12992.3989144015,15.85
12995.2368243552,15.85
12998.074734309,15.85
13000.9126442627,15.6810000000002
13003.7505542164,16.019
13006.5884641701,16.019
13009.4263741239,16.6970000000004
13012.2642840776,17.374
13015.1021940313,19.0680000000001
13017.940103985,19.238
13020.7780139388,19.915
13023.6159238925,21.4390000000003
13026.4538338462,21.948
13029.2917437999,21.6089999999998
13032.1296537537,21.27
13034.9675637074,21.101
13037.8054736611,21.4390000000002
13040.6433836148,21.778
13043.4812935686,21.1009999999993
13046.3192035223,19.915
13049.157113476,19.576
13051.9950234297,17.8819999999995
13054.8329333835,17.036
13057.6708433372,15.3569999999988
13060.5087532909,13.271
13063.3466632446,12.323
13066.1845731984,12.8160000000005
13069.0224831521,13.648
13071.8603931058,13.8169999999999
13074.6983030595,13.648
13077.5362130133,13.479
13080.374122967,13.4790000000003
13083.2120329207,13.987
13086.0499428744,14.1560000000002
13088.8878528282,14.495
13091.7257627819,15.172
13094.5636727356,15.3420000000002
13097.4015826893,15.681
13100.2394926431,16.8510000000001
13103.0774025968,17.013
13105.9153125505,15.681
13108.7532225042,14.1559999999998
13111.591132458,13.817
13114.4290424117,13.8170000000003
13117.2669523654,14.325
13120.1048623191,14.664
13122.9427722729,14.8340000000001
13125.7806822266,15.003
13128.6185921803,14.3249999999991
13131.456502134,12.655
13134.2944120878,11.985
13137.1323220415,11.7850000000006
13139.9702319952,12.801
13143.4028453066,13.4790000000002
13150.4932740347,13.817
13157.5837027628,13.987
13164.674131491,13.4789999999988
13171.7645602191,11.315
13185.9454176754,11.1380000000002
13193.0358464035,11.477
13200.1262751317,12.478
13207.2167038598,13.6480000000003
13214.3071325879,14.156
13221.3975613161,14.4950000000008
13235.5784187723,15.835
13242.6688475005,16.512
13249.7592762286,16.3499999999995
13256.8497049568,15.511
13263.9401336849,15.3420000000001
13271.030562413,15.511
13285.2114198693,13.994
13292.3018485974,11.9849999999996
13299.3922773256,11.315
13306.4827060537,11.8150000000023
13313.5731347819,15.95
13320.66356351,18.853
13327.7539922381,18.3519999999996
13341.9348496944,17.683
13356.1157071507,16.6819999999995
13370.296564607,15.85
13377.3869933351,15.85
13384.4774220632,18.2670000000009
13398.6582795195,19.877
13412.8391369758,19.2379999999998
13427.0199944321,18.899
13434.1104231602,19.407
13441.2008518883,20.2540000000003
13448.2912806165,20.762
13451.8364949806,20.423
13455.3817093446,20.423
13458.9269237087,19.746
13462.4721380728,17.8819999999995
13476.652995529,17.036
13490.8338529853,16.5270000000001
13497.9242817135,16.697
13505.0147104416,17.205
13512.1051391697,18.3910000000006
13519.1955678979,19.399
13526.285996626,18.3909999999997
13533.3764253542,17.898
13540.4668540823,19.576
13547.5572828104,21.1010000000011
13554.6477115386,22.964
13561.7381402667,23.98
13575.918997723,23.98
13590.0998551793,23.811
13597.1902839074,23.6409999999998
13604.2807126355,23.303
13618.4615700918,24.6500000000003
13625.5519988199,25.151
13629.097213184,24.311
13632.6424275481,23.6410000000001
13636.1876419121,23.811
13639.7328562762,23.9799999999998
13646.8232850044,23.641
13653.9137137325,23.303
13657.4589280966,22.9640000000003
13661.0041424606,23.472
13664.5493568247,31.4409999999991
13668.0945711888,29.909
13671.6397855528,27.73
13675.1849999169,26.5509999999997
13682.275428645,26.051
13689.3658573732,25.3349999999997
13696.4562861013,24.827
13703.5467148295,25.335
13710.6371435576,26.013000000001
13717.7275722857,27.699
13724.8180010139,27.1979999999997
13731.908429742,26.69
13738.9988584702,27.021
13746.0892871983,26.6669999999984
13753.1797159264,23.834
13760.2701446546,23.811
13767.3605733827,23.811
13774.4510021108,23.641
13781.541430839,23.3029999999999
13788.6318595671,23.133
13795.7222882953,23.3029999999999
13802.8127170234,23.133
13809.9031457515,21.609
13816.9935744797,20.4229999999999
13824.0840032078,20.254
13831.1744319359,21.4240000000002
13838.2648606641,21.763
13845.3552893922,19.592
13850.1687533498,20.0840000000009
13854.8615586741,21.586
13859.5543639983,21.4319999999995
13864.2471693225,20.593
13868.9399746468,20.084
13873.632779971,20.2540000000007
13878.3255852953,21.439
13883.0183906195,22.7950000000006
13887.7111959437,23.811
13892.404001268,23.98
13897.0968065922,24.8270000000002
13901.7896119165,25.166
13906.4824172407,25.3349999999995
13911.1752225649,24.488
13915.8680278892,23.811
13920.5608332134,23.8110000000002
13925.2536385377,24.15
13929.9464438619,24.9960000000002
13934.6392491861,25.335
13939.3320545104,26.852
13944.0248598346,27.8379999999977
13948.7176651589,23.849
13953.4104704831,23.472
13958.1032758073,23.472
13962.7960811316,22.964
13967.4888864558,22.6250000000002
13972.1816917801,22.964
13976.8744971043,23.472000000001
13981.5673024285,25.241
13986.2601077528,25.411
13995.6457184013,25.241
14005.0313290497,25.241
14014.4169396982,25.5800000000003
14023.8025503467,26.089
14033.1881609952,26.089
14042.5737716437,24.9019999999983
14051.9593822921,21.894
14061.3449929406,23.7160000000017
14070.7306035891,26.767
14073.0770062512,27.773
14075.4234089133,25.2409999999989
14077.7698115755,23.377
14080.1162142376,23.3770000000002
14084.8090195618,23.716
14089.501824886,24.055
14098.8874355345,23.5459999999995
14103.5802408588,22.71
14108.273046183,24.2240000000004
14112.9658515072,24.902
14117.6586568315,24.733
14122.3514621557,24.3940000000003
14127.04426748,24.892
14131.7370728042,23.5459999999998
14136.4298781284,23.207
14141.1226834527,22.868
14145.8154887769,20.8339999999991
14150.5082941012,19.309
14155.2010994254,19.1390000000003
14159.8939047496,19.648
14164.5867100739,21.004
14173.9723207224,22.0209999999997
14183.3579313708,21.512
14192.7435420193,21.0040000000001
14202.1291526678,21.173
14211.5147633163,24.531
14220.9003739648,24.223999999999
14230.2859846132,22.529
14239.6715952617,21.3429999999994
14249.0572059102,20.347
14258.4428165587,21.671
14267.8284272072,20.3259999999987
14277.2140378556,18.111
14286.5996485041,17.4439999999999
14295.9852591526,17.275
14305.3708698011,17.614
14314.7564804496,18.122
14324.142091098,18.122
14333.5277017465,17.9089999999999
14342.913312395,17.751
14352.2989230435,17.253
14361.684533692,16.744
14371.0701443404,16.744
14380.4557549889,17.2420000000003
14399.2269762859,17.74
14417.9981975828,17.74
14436.7694188798,17.5699999999999
14456.3788716914,17.401
14477.5531665566,17.4009999999998
14498.7274614219,17.062
14519.9017562871,16.564
14541.0760511524,15.4099999999997
14562.2503460176,14.901
14583.4246408829,14.9010000000002
14604.5989357482,15.24
14625.7732306134,15.24
14646.9475254787,15.0710000000002
14668.1218203439,15.399
14689.2961152092,16.4050000000006
14710.4704100744,17.401
14721.0575575071,17.401
14726.3511312234,16.9029999999994
14731.6447049397,15.897
14736.938278656,14.5730000000016
14742.2318523723,17.401
14744.8786392305,19.244
14747.5254260886,18.7459999999994
14758.1125735213,17.74
14768.6997209539,16.0769999999997
14779.2868683865,15.569
14789.8740158192,16.066
14811.0483106844,17.5810000000004
14832.2226055497,18.292
14853.3969004149,18.2379999999991
14863.9840478476,16.575
14885.1583427128,14.901
14901.0390638618,14.7320000000008
14906.3326375781,16.077
14911.6262112944,16.9029999999996
14916.9197850107,16.236
14922.213358727,16.734
14932.8005061596,18.0680000000001
14938.094079876,18.292
14943.3876535923,19.0739999999997
14953.9748010249,18.577
14959.2683747412,17.581
14964.5619484575,16.4050000000001
14969.8555221738,16.575
14975.1490958902,16.9140000000006
14980.4426696065,17.92
14986.0967666482,17.761
14991.7513083145,17.2529999999997
14997.4058499808,16.744
15003.0603916471,16.7440000000012
15014.3694749798,18.916
15025.6785583124,19.817
15036.987641645,19.8169999999998
15048.2967249776,19.478
15059.6058083103,20.4950000000009
15070.9148916429,22.021
15082.2239749755,23.885
15093.5330583082,24.0549999999991
15104.8421416408,22.529
15116.1512249734,20.1559999999986
15127.460308306,17.614
15138.7693916387,18.292
15150.0784749713,19.3090000000002
15161.3875583039,19.648
15172.6966416366,19.6480000000003
15184.0057249692,20.156
15195.3148083018,21.343
15206.6238916344,22.36
15217.9329749671,22.36
15229.2420582997,21.8510000000001
15240.5511416323,22.021
15251.8602249649,22.19
15263.1693082976,22.021
15274.4783916302,22.021
15285.7874749628,21.6819999999995
15297.0965582955,20.834
15308.4056416281,20.156
15319.7147249607,20.8340000000005
15331.0238082933,21.682
15342.332891626,22.3489999999991
15353.6419749586,20.845
15364.9510582912,21.851
15376.2601416238,23.8850000000007
15387.5692249565,25.072
15398.8783082891,25.7499999999996
15410.1873916217,25.072
15421.4964749544,24.902
15432.805558287,26.0890000000003
15444.1146416196,26.598
15455.4237249522,26.4279999999989
15466.7328082849,24.563
15478.0418916175,23.038
15489.3509749501,23.0380000000005
15500.6600582828,23.864
15511.9691416154,25.2199999999992
15523.278224948,23.748
15534.5873082806,22.508
15545.8963916133,21.6819999999998
15557.2054749459,21.343
15568.5145582785,21.3429999999998
15574.1690999448,21.004
15579.8236416111,20.326
15585.4781832775,19.9870000000002
15591.290065657,20.326
15598.4180548225,22.8680000000025
15601.9820494053,27.232
15605.5460439881,26.259
15609.1100385708,25.4109999999994
15612.6740331536,24.394
15619.8020223191,24.0549999999999
15626.9300114846,23.885
15634.0580006501,23.716
15641.1859898156,23.5460000000012
15648.3139789811,25.58
15655.4419681467,26.7669999999997
15662.5699573122,26.259
15669.6979464777,25.919
15676.8259356432,25.5799999999997
15680.389930226,25.072
15683.9539248087,25.0719999999999
15687.5179193915,24.902
15691.0819139742,24.224
15694.645908557,23.037999999999
15698.2099031397,21.343
15701.7738977225,19.8169999999996
15705.3378923053,19.139
15708.901886888,18.8
15712.4658814708,19.139
15716.0298760535,19.139
15719.5938706363,17.6139999999996
15723.1578652191,16.936
15726.7218598018,17.105
15730.2858543846,18.4610000000002
15733.8498489673,18.8
15737.4138435501,19.3090000000002
15740.9778381328,19.648
15744.5418327156,19.817
15748.1058272984,19.4780000000001
15751.6698218811,19.648
15755.2338164639,20.3259999999995
15758.7978110466,19.478
15762.3618056294,17.783
15765.9258002121,17.9530000000007
15769.4897947949,19.139
15773.0537893777,19.3090000000003
15776.6177839604,19.796
15780.1817785432,20.113
15783.7457731259,19.7629999999996
15790.8737622914,19.085
15798.001751457,18.0789999999992
15812.257729788,16.586
15826.513708119,15.41
15833.6416972845,15.0710000000005
15840.76968645,15.918
15847.8976756156,16.088
15855.0256647811,16.088
15862.1536539466,15.749
15869.2816431121,15.9180000000009
15876.4096322776,17.444
15883.5376214431,19.1389999999987
15890.6656106087,16.936
15897.7935997742,15.24
15912.0495781052,14.9010000000004
15926.3055564362,15.579
15940.5615347673,15.9179999999999
15954.8175130983,15.749
15969.0734914293,15.579
15976.2014805948,15.24
15983.3294697603,15.24
15990.4574589259,15.7490000000007
15997.5854480914,16.914
16004.7134372569,17.422
16011.8414264224,16.5749999999994
16015.4054210052,15.579
16018.9694155879,16.0880000000013
16022.5334101707,18.292
16026.0974047534,20.156
16029.6613993362,19.3090000000001
16033.225393919,19.478
16036.7893885017,20.3260000000004
16040.3533830845,21.004
16043.9173776672,21.173
16047.48137225,20.8339999999991
16051.0453668327,19.255
16054.6093614155,17.761
16058.1733559983,17.751
16061.737350581,18.259
16065.3013451638,19.7519999999998
16068.8653397465,19.424
16075.993328912,18.2589999999993
16083.1213180776,17.083
16090.2493072431,16.427
16097.3772964086,16.2570000000003
16104.5052855741,16.766
16111.6332747396,18.2590000000005
16118.7612639051,19.085
16125.8892530706,17.783
16129.4532476534,17.6139999999998
16133.0172422362,17.275
16136.5812368189,17.1050000000001
16140.1452314017,17.275
16143.7092259844,17.444
16147.2732205672,18.7890000000008
16150.83721515,20.156
16154.4012097327,20.665
16157.9652043155,20.665
16161.5291988982,20.665
16165.093193481,20.6649999999996
16168.6571880637,19.987
16172.2211826465,18.8
16175.7851772292,18.8
16179.349171812,19.478
16182.9131663948,19.9869999999996
16186.4771609775,19.309
16190.0411555603,19.4780000000002
16193.605150143,19.817
16197.1691447258,19.817
16200.7331393086,19.1390000000002
16204.2971338913,19.478
16207.8611284741,21.3430000000007
16211.4251230568,22.529
16218.5531122223,22.868
16225.6811013879,23.0380000000004
16232.8090905534,23.716
16236.3730851361,23.3769999999997
16239.9370797189,22.868
16243.5010743016,22.021
16247.0650688844,21.3429999999996
16250.6290634672,20.665
16254.1930580499,19.9869999999994
16257.7570526327,18.97
16261.3210472154,18.122
16264.8850417982,18.789
16268.4490363809,18.746
16275.5770255465,17.421999999999
16282.705014712,15.579
16289.8330038775,14.732
16296.960993043,14.9010000000003
16304.0889822085,15.41
16311.216971374,15.9180000000004
16318.3449605395,16.586
16325.4729497051,16.586
16332.6009388706,17.4120000000005
16339.7289280361,18.248
16353.9849063671,18.7460000000002
16368.2408846982,19.096
16382.4968630292,17.592
16389.6248521947,16.427
16396.7528413602,16.427
16403.8808305257,16.5960000000002
16411.0088196912,16.936
16418.1368088568,16.936
16425.2647980223,16.9360000000003
16432.3927871878,17.444
16439.5207763533,18.2920000000011
16446.6487655188,20.156
16453.7767546843,20.665
16458.3251481459,20.665
16463.0506430821,20.665
16467.7761380183,21.3430000000013
16472.5016329545,23.546
16477.2271278907,26.428
16481.9526228269,27.7729999999994
16486.6781177631,26.767
16491.4036126993,25.4109999999996
16496.1291076355,24.733
16500.8546025717,25.58
16505.5800975079,27.106000000001
16510.3055924441,28.78
16515.0310873803,27.2969999999997
16519.7565823165,26.799
16524.4820772527,26.598
16529.2075721889,26.937
16533.9330671251,26.937
16538.6585620613,26.6409999999999
16548.1095519337,26.471
16557.5605418061,27.467
16567.0115316785,29.1400000000015
16576.4625215509,31.831
16585.9135114233,33.1649999999992
16604.8154911681,31.831
16623.7174709129,29.479
16642.6194506577,29.1399999999999
16661.5214304025,28.971
16680.4234101473,27.8059999999993
16699.3253898921,26.63
16715.2323541138,26.63
16731.0085001689,28.1230000000007
16746.784646224,29.31
16762.5607922791,29.1399999999999
16778.3369383342,28.971
16786.2250113617,28.971
16794.1130843893,28.2929999999999
16809.8892304444,28.123
16817.7773034719,26.236999999999
16825.6653764995,24.456
16833.553449527,22.381
16841.4415225546,23.2069999999997
16849.3295955821,22.699
16857.2176686097,21.6819999999996
16865.1057416372,21.004
16872.9938146648,20.834
16880.8818876923,21.3430000000003
16888.7699607199,21.851
16896.6580337474,21.8509999999999
16904.546106775,21.682
16912.4341798025,22.36
16920.32225283,26.3739999999999
16928.2103258576,26.205
16936.0983988851,21.1729999999994
16943.9864719127,20.156
16951.8745449402,20.495
16959.7626179678,21.3430000000005
16967.6506909953,22.19
16975.5387640229,22.6989999999995
16983.4268370504,21.873
16991.314910078,20.347
16999.2029831055,21.173
17007.0910561331,21.173
17014.9791291606,20.1669999999994
17018.9231656744,19.161
17022.8672021882,21.004
17026.8112387019,23.716000000001
17030.7552752157,25.411
17034.6993117295,26.0890000000003
17038.6433482433,26.598
17042.587384757,26.767
17045.8223714836,26.7669999999989
17048.8892646673,24.902
17051.956157851,23.0379999999996
17055.0230510347,22.36
17058.0899442185,23.377
17061.1568374022,24.2239999999998
17064.2237305859,23.885
17067.2906237697,23.8849999999998
17070.3575169534,23.546
17073.4244101371,23.038
17076.4913033208,22.0209999999999
17079.5581965046,21.851
17082.6250896883,22.19
17085.691982872,22.19
17088.7588760557,21.851
17091.8257692395,21.5120000000002
17094.8926624232,21.851
17097.9595556069,23.1970000000006
17101.0264487906,24.192
17104.0933419744,22.508
17107.1602351581,20.9929999999993
17110.2271283418,19.817
17113.2940215256,20.3260000000001
17116.3609147093,20.495
17119.427807893,19.817
17122.4947010767,19.6480000000004
17125.5615942605,20.326
17131.6953806279,21.6820000000017
17137.8291669954,24.733
17140.8960601791,27.074
17143.9629533628,25.4219999999994
17147.0298465466,24.394
17150.0967397303,24.5630000000001
17153.163632914,24.733
17156.2305260977,23.716
17159.2974192815,23.0379999999997
17162.3643124652,22.529
17165.4312056489,23.2070000000005
17168.4980988327,24.055
17171.5649920164,24.055
17174.6318852001,24.2240000000005
17177.6987783838,25.072
17180.7656715676,24.5629999999988
17183.8325647513,22.529
17186.899457935,21.173
17189.9663511187,21.1730000000004
17193.0332443025,21.851
17196.1001374862,21.6819999999994
17199.1670306699,20.675
17205.3008170374,21.004
17211.4346034048,22.6990000000004
17214.5014965886,23.377
17217.5683897723,23.207
17220.635282956,23.207
17223.7021761397,23.207
17226.7690693235,22.6989999999991
17229.8359625072,21.173
17232.9028556909,20.4950000000005
17235.9697488746,21.343
17239.0366420584,23.207
17242.1035352421,23.7160000000002
17248.2373216095,24.055
17254.371107977,24.0549999999995
17260.5048943445,23.207
17266.6386807119,22.529
17272.7724670794,23.8850000000005
17278.9062534468,24.733
17285.0400398143,24.5629999999997
17291.1738261817,24.087
17297.3076125492,26.356
17303.4413989166,28.4299999999993
17309.5751852841,27.138
17315.7089716515,25.3929999999989
17321.842758019,23.546
17327.9765443864,22.021
17331.0434375702,21.5120000000004
17334.1103307539,22.19
17337.1772239376,22.3599999999999
17340.2441171214,22.19
17343.3110103051,22.36
17346.3779034888,22.8680000000001
17349.4447966725,23.038
17352.5116898563,22.6989999999991
17355.57858304,21.173
17358.6454762237,19.987
17361.7123694074,20.3260000000007
17364.7792625912,21.501
17367.8461557749,21.3319999999991
17370.9130489586,19.817
17373.9799421424,19.309
17377.0468353261,19.309
17380.1137285098,19.309
17383.1806216935,18.9699999999999
17389.314408061,18.8
17395.4481944284,18.97
17401.5819807959,19.4780000000006
17404.6488739796,20.495
17407.7157671633,22.1900000000008
17410.7826603471,23.546
17413.8495535308,24.902
17416.9164467145,25.0719999999997
17419.9833398983,24.563
17423.050233082,23.7159999999998
17426.1171262657,23.377
17429.1840194494,22.868
17432.2509126332,22.3599999999998
17435.3178058169,22.021
17438.3846990006,22.1900000000007
17441.4515921843,23.377
17444.5184853681,24.881
17447.5853785518,23.8849999999994
17450.6522717355,22.868
17453.7191649192,22.8680000000001
17456.786058103,23.038
17462.9198444704,21.851
17469.0781147139,21.1730000000001
17475.2409866247,21.343
17481.4038585355,23.0160000000008
17487.5667304464,24.424
17493.7296023572,25.271
17499.892474268,24.7629999999995
17506.0553461789,23.915
17512.2182180897,24.4240000000008
17518.3810900005,25.779
17524.5439619113,26.118
17530.7068338222,25.779
17536.869705733,25.779
17543.0325776438,27.1520000000003
17549.1954495547,27.661
17555.3583214655,28.152
17561.5211933763,28.4910000000003
17567.6840652871,28.999
17573.846937198,23.9149999999992
17580.0098091088,22.56
17586.1726810196,22.39
17592.3355529305,22.2209999999997
17595.4169888859,21.712
17598.4984248413,22.0510000000003
17601.5798607967,22.56
17604.6612967521,22.221
17607.7427327075,20.6949999999997
17610.8241686629,20.187
17613.9056046184,20.0179999999999
17616.9870405738,19.848
17620.0684765292,19.17
17623.1499124846,19.3400000000007
17626.23134844,20.526
17629.3127843954,22.2210000000022
17632.3942203509,26.0335
17635.4756563063,28.83
17641.6385282171,28.998999999999
17644.7199641725,27.322
17647.8014001279,26.161
17650.8828360833,26.17
17653.9642720387,29.169
17657.0457079942,32.1939999999994
17660.1271439496,31.202
17663.208579905,31.5410000000003
17666.2900158604,32.05
17669.3714518158,33.406
17672.4528877712,31.7109999999996
17675.5343237267,31.033
17678.6157596821,30.5249999999993
17681.6971956375,29.338
17684.7786315929,28.66
17687.8600675483,24.7629999999984
17690.9415035037,21.899
17694.0229394591,22.2210000000003
17697.1043754146,22.695
17700.18581137,23.4745000000002
17703.2672473254,24.2540000000027
17706.3486832808,28.999
17709.4301192362,29.3379999999998
17712.5115551916,28.999
17715.592991147,28.491
17721.7558630579,27.3049999999994
17727.9187349687,26.288
17734.0816068795,24.9320000000003
17740.2444787904,25.441
17746.4073507012,26.627
17752.570222612,26.2879999999988
17758.7330945228,24.254
17764.8959664337,22.2210000000003
17771.0588383445,22.729
17777.2217102553,26.627
17789.547454077,28.491
17801.8731978987,28.491
17815.2740572792,28.4910000000001
17829.839619622,28.66
17844.4051819648,28.321
17858.9707443076,27.6520000000003
17873.5363066504,28.152
17880.8190878218,28.6599999999998
17888.1018689932,28.321
17895.3846501646,27.305
17902.667431336,26.6269999999997
17909.9502125074,26.161
17917.2329936788,27.983000000001
17924.5157748502,29.677
17939.081337193,29.677
17953.6468995358,28.9989999999995
17968.2124618786,28.161
17982.7780242214,28.6599999999996
17997.3435865642,27.983
18004.6263677356,26.457
18011.909148907,25.4409999999998
18019.1919300784,25.102
18026.4747112498,24.0849999999993
18030.1161018355,22.898
18033.7574924212,21.204
18037.3988830069,21.2039999999996
18041.0402735926,20.526
18044.6816641783,18.4919999999996
18048.323054764,17.814
18051.9644453497,17.306
18055.6058359354,18.4920000000016
18059.2472265211,21.373
18062.8886171068,22.7290000000003
18066.5300076925,23.237
18070.1713982782,23.237
18073.8127888639,22.3899999999983
18077.4541794496,19.365
18081.0955700353,20.3560000000015
18084.736960621,23.068
18088.3783512067,25.61
18092.0197417924,25.7789999999991
18099.3025229638,24.254
18106.5853041352,23.0679999999998
18113.8680853066,22.729
18117.5094758923,22.56
18121.150866478,22.220999999999
18124.7922570637,20.534
18128.4336476494,20.5340000000009
18135.7164288208,22.051
18142.9992099922,23.746
18150.2819911636,23.7459999999996
18157.564772335,23.068
18164.8475535064,22.2210000000003
18172.1303346778,22.729
18179.4131158492,24.924
18186.6958970206,24.5929999999995
18201.2614593634,23.746
18215.8270217062,22.5599999999999
18223.1098028776,22.39
18230.392584049,24.085
18237.6753652204,26.118
18244.9581463918,26.118
18252.2409275632,25.1019999999992
18259.5237087346,23.746
18266.806489906,22.051
18274.0892710774,19.8479999999991
18281.3720522488,18.323
18295.9376145916,19.5090000000012
18310.5031769344,21.543
18325.0687392772,22.898
18332.3515204486,23.2369999999998
18339.63430162,22.898
18342.9618323354,23.4070000000005
18346.1386146043,24.254
18352.4921791422,23.576
18358.8457436801,22.3899999999993
18362.0225259491,21.204
18365.199308218,20.8649999999998
18368.376090487,20.526
18371.5528727559,19.848
18377.9064372938,18.6619999999996
18384.2600018317,17.95
18390.6135663696,17.6109999999992
18403.3206954454,16.137
18416.0278245212,15.764
18428.734953597,15.6110000000002
18435.0885181349,15.95
18441.4420826728,15.781
18447.7956472107,15.781
18454.1492117486,15.95
18460.5027762865,16.1200000000001
18466.8563408244,16.281
18473.2099053623,16.7810000000005
18479.5634699002,17.611
18485.9170344381,17.78
18492.270598976,17.8139999999999
18498.6241635139,17.645
18504.9777280519,17.4760000000001
18511.3312925897,17.645
18517.6848571277,18.323
18524.0384216656,18.662
18530.3919862035,18.662
18536.7455507414,18.323
18543.0991152793,18.323
18549.4526798172,19.001
18555.8062443551,20.1870000000014
18562.159808893,22.729
18568.5133734309,24.0850000000006
18579.749264754,25.102
18584.1020760883,28.626
18588.4548874226,27.3049999999973
18592.807698757,22.56
18597.1605100913,17.9839999999998
18599.3369157585,17.611
18601.5133214257,17.272
18603.6897270928,16.2719999999994
18605.86613276,15.272
18608.0425384272,15.7720000000008
18610.2189440944,17.111
18612.3953497615,17.984
18614.5717554287,18.4920000000002
18616.7481610959,18.831
18618.924566763,20.5260000000005
18621.1009724302,21.373
18623.2773780974,22.051
18625.4537837646,23.2370000000002
18627.6301894317,23.576
18629.8065950989,23.0679999999992
18631.9830007661,21.712
18634.1594064332,21.712
18636.3358121004,22.051
18638.5122177676,22.051
18640.6886234347,22.3900000000001
18642.8650291019,22.654
18645.0414347691,23.068
18647.2178404363,23.4070000000028
18649.3942461034,28.373
18651.5706517706,31.3289999999993
18653.7470574378,30.177
18655.9234631049,27.161
18658.0998687721,24.9919999999993
18660.2762744393,23.746
18662.4526801065,23.0679999999997
18664.6290857736,22.56
18666.8054914408,20.865
18668.981897108,19.1699999999993
18671.1583027751,17.984
18673.3347084423,18.8310000000008
18675.5111141095,20.187
18677.6875197767,20.356
18679.8639254438,20.5260000000013
18682.040331111,22.898
18684.2167367782,27.9830000000008
18686.3931424453,29.338
18688.5695481125,29.338
18690.7459537797,28.829999999998
18692.9223594468,25.356
18695.098765114,18.3229999999993
18697.2751707812,17.137
18699.4515764484,17.306
18701.6279821155,18.1530000000001
18703.8043877827,18.323
18705.9807934499,18.3230000000009
18708.157199117,19.848
18710.3336047842,25.559
18712.5100104514,25.5839999999992
18714.6864161185,24.254
18716.8628217857,17.9749999999999
18719.0392274529,17.814
18723.3920387872,19.509
18727.7448501216,21.7120000000003
18732.0976614559,22.221
18736.4504727903,21.8819999999992
18738.6268784574,20.526
18740.8032841246,18.323
18742.9796897918,18.1529999999998
18745.1560954589,17.814
18747.3325011261,17.3060000000003
18749.5089067933,17.814
18751.6853124605,21.204
18753.8617181276,23.068
18759.1442033699,23.068
18765.1097324958,22.5599999999993
18771.0752616217,21.373
18777.0407907476,20.865
18783.0063198735,21.2040000000005
18788.9718489995,22.051
18800.9029072513,22.5599999999999
18812.8339655031,22.39
18824.7650237549,21.712
18836.6960820068,21.8820000000006
18848.6271402586,22.898
18860.5581985104,23.5760000000001
18872.4892567623,23.746
18878.4547858882,23.407
18884.4203150141,23.237
18890.38584414,23.237
18896.3513732659,23.5760000000006
18902.3169023918,24.593
18914.2479606437,24.424
18926.1790188955,22.8979999999996
18938.1100771473,22.221
18950.0411353991,22.3900000000002
18961.972193651,22.729
18973.9032519028,23.576
18979.8687810287,24.2540000000001
18985.8343101546,24.424
18991.7998392805,24.7630000000002
18997.7653684065,25.102
19003.7308975324,25.441
19009.6964266583,26.6520000000011
19021.6274849101,28.66
19033.5585431619,29.6770000000001
19045.4896014138,29.847
19057.4206596656,29.338
19063.3861887915,26.9659999999976
19069.3517179174,22.729
19075.3172470433,22.7290000000006
19081.2827761693,23.746
19087.2483052952,24.593
19099.179363547,25.2709999999998
19111.1050230291,24.932
19123.0284191298,24.424
19134.9518152306,24.424
19146.8752113313,24.085
19152.8369093817,22.3899999999997
19158.798607432,21.882
19164.7603054824,23.0680000000005
19170.7220035328,23.915
19176.6837015831,24.085
19182.6453996335,23.0679999999996
19188.6070976839,22.39
19194.5687957342,24.4240000000008
19206.492191835,25.779
19212.4538898853,25.779
19218.4155879357,24.5929999999992
19224.3772859861,23.237
19230.3389840364,23.0680000000002
19236.3006820868,23.407
19242.2623801372,23.576
19248.2240781875,23.0680000000001
19254.1857762379,23.237
19260.1474742883,24.593000000001
19272.070870389,26.288
19283.9942664897,28.83
19295.9176625905,29.5080000000005
19307.8410586912,30.355
19319.764454792,30.8639999999999
19331.6878508927,30.694
19343.6112469934,28.999
19349.5729450438,27.8390000000016
19355.5346430942,30.694
19361.4963411445,33.2019999999992
19367.4580391949,31.711
19373.4197372453,27.508
19379.3814352956,27.3300000000004
19391.3048313964,27.983
19403.2282274971,28.9739999999989
19415.1516235978,26.991
19421.1133216482,25.695
19427.0750196986,28.3210000000017
19433.3254533811,31.355
19440.0720550475,30.5249999999989
19443.4453558806,28.66
19446.8186567138,25.348
19453.5652583802,24.2540000000001
19460.3118600465,24.424
19473.8050633793,25.9750000000019
19480.5516650456,29.304
19487.298266712,27.983
19494.0448683783,25.4409999999989
19500.7914700447,23.576
19507.538071711,27.8130000000011
19514.2846733774,29.677
19521.0312750438,29.677
19527.7778767101,29.5079999999997
19534.5244783765,29.008
19541.2710800429,28.1689999999996
19548.0176817092,27.5
19554.7642833756,27
19568.2574867083,27.3300000000004
19575.0040883746,28
19581.750690041,28.6599999999996
19588.4972917074,27.983
19595.2438933737,28.83
19601.9904950401,28.329999999999
19608.7370967064,26.492
19622.2303000392,27.3049999999999
19635.7235033719,27.135
19642.4701050382,26.457
19655.963308371,25.6099999999992
19662.7099100373,24.254
19669.4565117037,27.6440000000012
19676.20311337,29.677
19682.9497150364,29.847
19689.6963167028,29.337999999999
19696.4429183691,27.5
19703.1895200355,27.0000000000013
19709.9361217018,29.313
19716.6827233682,27.983
19723.4293250346,25.7789999999991
19730.1759267009,24.254
19736.9225283673,27.644000000001
19743.6691300336,29.338
19750.4157317,30.355
19757.1623333664,31.0329999999998
19763.9089350327,30.694
19772.319646998,28.5079999999999
19780.9329356394,28.339
19789.5462242808,29.508
19798.1595129223,30.016000000001
19806.7728015637,31.694
19815.3860902052,31.0329999999992
19823.9993788466,29.694
19832.612667488,30.186
19841.2259561295,31.3630000000002
19849.8392447709,31.702
19858.4525334124,31.0330000000005
19867.0658220538,31.863
19875.6791106952,33.871
19884.2923993367,34.2530000000001
19892.9056879781,34.422
19901.5189766196,33.9139999999995
19910.132265261,33.067
19918.7455539024,33.236
19927.3588425439,34.253
19935.9721311853,34.253
19944.5854198268,34.5920000000003
19953.1987084682,35.1
19961.8119971096,34.931
19970.4252857511,35.2700000000007
19979.0385743925,36.456
19987.651863034,36.2869999999988
19996.2651516754,34.193
20004.8784403168,31.88
20013.4917289583,31.5410000000008
20022.1050175997,32.872
20026.4116619204,34.4049999999989
20030.7183062412,32.55
20032.8716284016,30.864
20035.0249505619,29.846999999999
20037.1782727223,28.152
20039.3315948826,22.7289999999988
20041.484917043,20.695
20043.6382392033,20.526
20045.7915613637,20.8649999999998
20047.944883524,20.526
20050.0982056844,19.8480000000003
20052.2515278448,20.356
20054.4048500052,22.56
20056.5581721655,23.9150000000008
20060.8648164862,25.271
20065.1714608069,27.983
20073.7847494484,27.983
20082.3980380898,24.6315
20091.0113267313,22.8979999999996
20099.7036574858,22.221
20108.5671146763,22.0510000000008
20126.2940290574,23.407
20135.1574862479,23.915
20144.0209434384,23.745999999999
20152.8844006289,22.051
20161.7478578195,19.6789999999995
20170.61131501,18.831
20179.4747722005,19.17
20183.9065007958,19.34
20188.338229391,19.34
20192.7699579863,19.6790000000001
20197.2016865815,19.848
20206.0651437721,19.679
20214.9286009626,19.5090000000001
20219.3603295578,19.679
20223.7920581531,20.6950000000017
20232.6555153436,23.746
20241.5189725341,24.593
20250.3824297247,23.9149999999991
20259.2458869152,22.39
20263.6776155104,21.0339999999997
20268.1093441057,20.526
20272.541072701,21.882
20276.9728012962,28.6260000000003
20281.4045298915,29.152
20285.8362584867,28.4820000000007
20294.6997156773,29.677
20303.5631728678,29.338
20312.4266300583,29.3379999999997
20321.2900872488,28.83
20339.0170016299,28.1690000000008
20347.8804588204,29.508
20356.7439160109,32.024
20365.6073732014,31.1939999999986
20370.0391017967,28.669
20374.4708303919,27.33
20383.3342875825,27.33
20401.0612019635,28.169
20409.924659154,29.3380000000002
20418.7881163445,29.677
20427.6515735351,31.3380000000012
20436.5150307256,33.363
20445.3784879161,33.032
20454.2419451066,32.5239999999963
20458.6736737019,26.069
20463.1054022971,23.5759999999994
20471.9688594877,22.56
20480.8323166782,22.898
20489.6957738687,23.7460000000002
20498.5592310592,24.085
20507.4226882497,25.1020000000017
20511.854416845,28.152
20514.0702811426,29.677
20516.2861454403,30.0159999999997
20518.5020097379,29.508
20520.7178740355,28.9990000000006
20522.9337383332,30.016
20525.1496026308,33.363
20529.581331226,32.6939999999986
20534.0130598213,30.194
20538.4447884166,27.830000000001
20540.6606527142,29.508
20542.8765170118,32.194
20545.0923813094,32.1939999999991
20547.3082456071,30.694
20549.5241099047,29.6769999999992
20551.7399742023,28.33
20553.9558384999,28.161
20556.1717027976,28.6599999999999
20558.3875670952,28.491
20560.6034313929,26.8219999999987
20562.8192956905,24.593
20565.0351599881,23.746
20567.2510242858,23.9150000000017
20569.4668885834,26.966
20571.682752881,28.8039999999972
20573.8986171786,23.885
20576.1144814762,21.897
20578.3303457739,20.8719999999995
20580.5462100715,20.031
20582.7620743692,19.3520000000004
20584.9779386668,20.031
20587.1938029644,22.406
20589.4096672621,26.458000000002
20591.6255315597,29.946
20593.8413958573,33.2379999999993
20596.0572601549,32.078
20600.4889887502,31.222
20604.9207173455,30.7199999999997
20609.3524459407,30.218
20613.784174536,28.6839999999985
20618.2159031312,26.03
20622.6476317265,24.931
20627.0793603218,23.2549999999995
20631.511088917,22.406
20640.3745461075,22.915000000003
20649.2380032981,28.2535
20653.6697318933,30.021
20658.1014604886,28.0089999999973
20662.5331890838,23.255
20666.9649176791,22.7460000000003
20675.8283748696,23.255
20684.6918320601,23.424
20693.5552892507,21.8969999999992
20702.4187464412,20.54
20706.8504750364,19.1819999999999
20711.2822036317,19.013
20713.4980679294,19.013
20715.713932227,19.1820000000003
20717.9297965246,19.691
20720.1456608222,20.1999999999997
20724.5773894175,19.691
20729.0091180127,19.182
20733.440846608,18.6730000000007
20737.8725752033,19.861
20742.4382739046,21.728000000001
20747.0850765374,23.411
20751.7318791703,23.418
20756.3786818031,22.3929999999976
20761.0254844359,18.178
20765.6722870688,17.3159999999999
20774.9658923344,17.146
20779.6126949673,17.825
20784.2594976001,19.3520000000014
20788.906300233,21.897
20793.5531028658,30.211
20798.1999054986,30.211
20802.8467081315,29.662
20805.1701094479,26.098999999999
20807.4935107643,24.266
20809.8169120807,22.4059999999987
20812.1403133971,20.071
20814.4637147136,14.941
20816.78711603,12.0830000000001
20821.4339186628,12.239
20823.7573199792,11.887
20826.0807212956,11.887
20830.7275239285,11.887
20835.3743265613,11.378
20840.0211291942,11.378
20849.3147344598,11.378
20858.6083397255,11.378
20867.9019449912,12.226
20877.1955502569,12.7279999999996
20886.4891555225,12.056
20891.1359581554,11.2150000000009
20895.7827607882,12.735
20900.429563421,13.923
20905.0763660539,13.9229999999997
20909.7231686867,13.427
20914.3699713196,14.0920000000004
20919.0167739524,14.771
20923.6635765852,15.959
20928.3103792181,17.4860000000014
20932.9571818509,20.031
20937.6039844837,22.2370000000008
20942.2507871166,23.594
20946.8975897494,24.103
20951.5443923823,23.9329999999988
20960.8379976479,21.7855
20970.1316029136,14.4179999999997
20979.4252081793,13.943
20984.0720108121,15.816
20988.7188134449,22.7730000000043
20998.0124187106,30.364
21007.3060239763,36.353
21016.599629242,36.368
21025.8932345077,28.0055
21030.5400371405,18.672999999999
21035.1868397733,16.8914999999995
21039.8336424062,15.1099999999996
21044.480445039,14.432
21053.7740503047,13.753
21063.0676555703,12.735
21081.6548661017,12.735
21100.242076633,12.5649999999999
21118.8292871644,12.396
21128.1228924301,12.565
21132.7696950629,12.0629999999994
21137.4164976957,11.031
21146.7101029614,9.85050000000029
21156.0037082271,10.359
21174.5909187584,11.378
21193.1781292898,12.9050000000004
21211.7653398211,13.583
21230.3525503525,13.2509999999999
21248.9397608838,13.088
21267.5269714152,13.42
21286.1141819465,14.0920000000001
21304.7013924779,14.262
21323.2886030092,14.7710000000009
21341.8758135406,16.285
21360.4630240719,17.995
21379.0502346033,19.5220000000001
21397.6374451346,19.691
21406.9310504003,19.3519999999996
21416.224655666,18.673
21425.5182609316,18.164
21434.8118661973,18.673
21444.105471463,20.71
21453.3990767287,22.2370000000002
21462.6926819943,22.406
21471.98628726,21.558
21476.6330898929,21.558
21481.2798925257,22.746
21485.9266951585,22.9150000000002
21490.5734977914,23.085
21495.2203004242,23.255
21499.867103057,22.746
21504.5139056899,22.406
21509.1607083227,22.7390000000006
21513.8075109556,23.248
21518.4543135884,21.897
21523.1011162212,20.37
21527.7479188541,20.031
