DEPT,GR
465.2,59.11164403
465.4,61.4932485
465.6,61.48203629
465.8,60.69132861
466,59.74602717
466.2,61.46502418
466.4,62.76664216
466.6,63.11473579
466.8,65.0759361
467,64.41947279
467.2,61.94747139
467.4,58.7255806
467.6,54.63583676
467.8,51.69628247
468,50.03001335
468.2,53.84510159
468.4,57.24396063
468.6,58.96926964
468.8,60.77692341
469,63.34341223
469.2,67.05817033
469.4,70.82172157
469.6,74.01156792
469.8,78.17947258
470,80.75013973
470.2,82.50435911
470.4,84.5058627
470.6,87.67233846
470.8,89.60764623
471,70.79899827
471.2,43.64709093
471.6,41.51428777
471.6,33.96226415
471.8,40.69954964
472,40.82010522
472.2,40.67345013
472.4,41.75181629
472.6,42.11211701
472.8,41.68832883
473,40.78993575
473.2,42.28915821
473.4,45.39068704
473.6,49.09238688
473.8,52.44995403
474,54.64224144
474.2,57.94841991
474.4,60.45005113
474.6,64.32428025
474.8,67.47325171
475,63.33964208
475.2,62.86734157
475.4,60.13895632
475.6,62.15379386
475.8,68.67111418
476,75.52139892
476.2,78.6302596
476.4,75.63755633
476.6,70.18369516
476.8,65.8280623
477,60.80538546
477.2,53.76587031
477.4,47.719294
477.6,49.33857752
477.8,56.64274694
478,65.01822199
478.2,70.56925182
478.4,71.80614383
478.6,72.57709805
478.8,75.57726331
479,78.32404263
479.2,78.42042257
479.4,77.19205594
479.6,72.16965927
479.8,65.63859109
480,60.22267695
480.2,55.54829976
480.4,53.24292453
480.6,55.55501932
480.8,57.77314374
481,60.16088045
481.2,60.65866514
481.4,60.95696736
481.6,59.44667876
481.8,58.58459498
482,59.00182735
482.2,61.21725844
482.4,65.49492462
482.6,69.36863236
482.8,72.22088906
483,70.01988346
483.2,68.05160287
483.4,71.61679548
483.6,77.36210461
483.8,80.72784375
484,77.5012296
484.2,71.9733568
484.4,69.03776141
484.6,68.18079959
484.8,66.93553965
485,65.5808279
485.2,66.42291369
485.4,64.42252605
485.6,63.94633622
485.8,64.39724855
486,63.62604014
486.2,62.03908887
486.4,61.04516593
486.6,62.12179118
486.8,64.22483214
487,66.69728309
487.2,68.86233424
487.4,69.3855922
487.6,70.92871546
487.8,73.00536661
488,75.68175544
488.2,76.80667149
488.4,75.12648127
488.6,70.40263559
488.8,63.76696664
489,59.27029744
489.2,57.29116454
489.4,55.07446686
489.6,51.92077329
489.8,49.26987794
490,47.36936722
490.2,49.70806385
490.4,51.69389397
490.6,54.21582024
490.8,54.38651768
491,52.83910107
491.2,54.36764342
491.4,55.32052354
491.6,56.05301089
491.8,54.76164818
492,51.17283593
492.2,49.51362681
492.4,49.56125027
492.6,48.66721352
492.8,46.91707063
493,45.34367322
493.2,44.54158963
493.4,44.59359956
493.6,45.60000553
493.8,47.51760672
494,49.6034209
494.2,50.34326166
494.4,48.65256514
494.6,46.62898097
494.8,45.46268027
495,45.81624428
495.2,47.67027478
495.4,50.78069527
495.6,52.25085042
495.8,52.83018868
496,52.27441869
496.2,49.54554226
496.4,45.13287612
496.6,41.72089605
496.8,40.56537335
497,43.27790146
497.2,47.04910667
497.4,49.47482854
497.6,52.39095575
497.8,54.03201712
498,55.23506144
498.2,52.11997069
498.4,48.2241281
498.6,44.69844946
498.8,42.93508801
499,42.69615555
499.2,41.97794622
499.4,41.59678911
499.6,43.56879384
499.8,48.45867773
500,52.62788934
500.2,55.63164645
500.4,54.27243523
500.6,52.85464776
500.8,52.87893583
501,55.1773597
501.2,56.63777802
501.4,54.28503094
501.6,51.17304588
501.8,48.44882493
502,47.25046099
502.2,48.42091865
502.4,51.6129105
502.6,55.45269912
502.8,57.14738271
503,53.99135623
503.2,50.34418267
503.4,47.6778331
503.6,45.64795341
503.8,42.37507167
504,39.07016666
504.2,38.09837644
504.4,40.35041947
504.6,42.98774485
504.8,44.55280171
505,42.48758012
505.2,39.37054024
505.4,37.23361234
505.6,37.64217868
505.8,38.89122273
506,41.7814717
506.2,43.99919006
506.4,44.07144044
506.6,42.41030977
506.8,42.73691821
507,45.48487402
507.2,46.54858979
507.4,46.07039673
507.6,47.57251061
507.8,48.75815059
508,47.83714479
508.2,47.01515946
508.4,46.59372804
508.6,46.46618005
508.8,48.38440636
509,52.76523421
509.2,57.05713814
509.4,59.02976788
509.6,56.86824082
509.8,52.25398092
510,48.65209616
510.2,50.02603127
510.4,52.02434859
510.6,50.91902686
510.8,48.26838165
511,44.98177992
511.2,42.0990566
511.4,41.17611029
511.6,43.31798446
511.8,47.58785681
512,52.37832345
512.2,54.24787966
512.4,55.29977935
512.6,55.95743577
512.8,56.51904532
513,57.66215956
513.2,60.20582654
513.4,61.89446744
513.6,61.52306166
513.8,59.73668036
514,57.40366333
514.2,58.9427558
514.4,61.00190253
514.6,63.82526418
514.8,66.39794074
515,64.27315762
515.2,57.37959708
515.4,48.82098421
515.6,42.33047058
515.8,42.38616812
516,44.59185139
516.2,44.05875685
516.4,42.34144757
516.6,39.63211507
516.8,38.31558802
517,39.92804832
517.2,43.12247722
517.4,45.18839044
517.6,44.42109922
517.8,41.23341454
518,38.91820764
518.2,39.81374988
518.4,42.24757761
518.6,44.7684185
518.8,44.43396387
519,41.27912047
519.2,38.83076461
519.4,39.77943227
519.6,41.83390705
519.8,44.25597525
520,45.77555116
520.2,46.77458665
520.4,48.03378579
520.6,50.60582426
520.8,53.92249352
521,57.1755818
521.2,57.77796479
521.4,53.35126668
521.6,47.16225086
521.8,40.02032237
522,35.03001646
522.2,32.55609601
522.4,32.84251213
522.6,34.44620761
522.8,38.14267395
523,42.24816504
523.2,46.54717802
523.4,46.91931823
523.6,43.24094097
523.8,40.46064921
524,42.19170139
524.2,42.46150226
524.4,42.48952818
524.6,44.19676649
524.8,44.82749509
525,46.91376813
525.2,44.47399568
525.4,45.42308043
525.6,48.23061731
525.8,53.28717064
526,58.0061273
526.2,55.69779458
526.4,50.92423941
526.6,47.05188679
526.8,45.60319539
527,44.16853551
527.2,44.51836175
527.4,45.80071588
527.6,46.29287
527.8,45.01452141
528,44.74002054
528.2,45.4392509
528.4,42.9219322
528.6,40.87300353
528.8,44.0210823
529,48.93614787
529.2,53.71972201
529.4,56.21955471
529.6,52.2372743
529.8,46.85459154
530,42.72517459
530.2,39.67551575
530.4,39.61697838
530.6,39.61092923
530.8,40.88842108
531,42.4204567
531.2,43.64722076
531.4,44.21200536
531.6,42.74947142
531.8,43.23172572
532,44.32408017
532.2,45.7698876
532.4,46.5427064
532.6,44.74133176
532.8,43.18750754
533,43.99921805
533.2,46.32957242
533.4,49.72840834
533.6,53.15594573
533.8,54.77430781
534,53.98422773
534.2,51.96149875
534.4,48.84386936
534.6,46.47293481
534.8,44.45989894
535,45.71212105
535.2,45.91873124
535.4,49.55689827
535.6,52.18883784
535.8,54.0703167
536,55.90280318
536.2,56.59938961
536.4,54.77908057
536.6,51.80117291
536.8,49.82288759
537,50.03547832
537.2,47.69052474
537.4,43.88264012
537.6,41.78907043
537.8,45.45495918
538,49.72649708
538.2,49.68115514
538.4,46.94026811
538.6,46.22874744
538.8,47.51081482
539,48.57227173
539.2,48.70157937
539.4,49.8115798
539.6,51.64804594
539.8,52.15827533
540,52.00279111
540.2,51.81356022
540.4,51.18078059
540.6,50.97559283
540.8,49.49628494
541,46.79870248
541.2,43.71226151
541.4,43.35123628
541.6,45.4167032
541.8,46.67394272
542,44.98820755
542.2,46.7028746
542.4,49.10480533
542.6,48.2855606
542.8,47.06003197
543,46.04292418
543.2,45.39855986
543.4,45.42247148
543.6,44.20069034
543.8,43.76438035
544,44.13231026
544.2,45.13029729
544.4,46.94873379
544.6,49.38217699
544.8,50.83140016
545,48.12673885
545.2,43.94832027
545.4,40.16551815
545.6,41.9654939
545.8,45.94531244
546,48.55986343
546.2,51.87599009
546.4,54.07059698
546.6,50.14003979
546.8,44.84963596
547,41.03510245
547.2,40.43543091
547.4,40.38185669
547.6,38.91319322
547.8,36.72892851
548,39.35778234
548.2,43.43747564
548.4,46.81788518
548.6,48.15133945
548.8,46.07185194
549,42.40478137
549.2,38.74065851
549.4,36.24118254
549.6,35.18380752
549.8,34.20830729
550,34.97640224
550.2,36.0754176
550.4,38.46248365
550.6,40.13231144
550.8,40.16382456
551,39.21505409
551.2,38.12664913
551.4,35.30383221
551.6,34.44569394
551.8,37.80354102
552,41.6070545
552.2,44.76069892
552.4,49.01788211
552.6,53.55157078
552.8,56.28322207
553,57.37326059
553.2,54.50347344
553.4,49.2949393
553.6,45.762657
553.8,45.41109479
554,45.63688081
554.2,47.13335559
554.4,49.57076655
554.6,52.88886905
554.8,53.41732984
555,52.37416582
555.2,54.29456114
555.4,60.01068108
555.6,65.05998391
555.8,60.96493448
556,54.7095784
556.2,50.30763569
556.4,47.58334279
556.6,45.38016895
556.8,46.23110908
557,49.13281285
557.2,50.85623838
557.4,49.52830189
557.6,49.6251789
557.8,52.4031732
558,56.79034471
558.2,61.44811562
558.4,64.99790108
558.6,67.25753953
558.8,69.18442788
559,67.38226522
559.2,59.22436276
559.4,48.99623372
559.6,41.99113059
559.8,41.94235613
560,45.16843575
560.2,46.75906881
560.4,44.39733656
560.6,44.09959909
560.8,47.15182836
561,51.03568396
561.2,53.51078406
561.4,53.67382117
561.6,51.84967037
561.8,48.14648196
562,43.18782144
562.2,37.78473696
562.4,36.04822199
562.6,38.58070676
562.8,42.20762706
563,47.06151993
563.2,52.5250538
563.4,55.69776145
563.6,55.26396954
563.8,55.30051277
564,54.65183661
564.2,52.73115758
564.4,50.2457111
564.6,49.09010288
564.8,46.39403939
565,42.18888853
565.2,39.22867379
565.4,42.42087138
565.6,49.90155356
565.8,58.80219122
566,63.43469204
566.2,56.73938551
566.4,46.69198231
566.6,41.56880947
566.8,45.34259597
567,51.29405069
567.2,57.40266024
567.4,62.50581907
567.6,65.62738493
567.8,63.56696432
568,62.41950865
568.2,64.74720876
568.4,69.58070363
568.6,69.77824981
568.8,78.97522058
569,89.63622086
569.2,93.34552173
569.4,90.21922998
569.6,83.51214525
569.8,76.96500219
570,68.81022887
570.2,62.67391021
570.4,68.7107879
570.6,80.90605642
570.8,92.66870489
571,99.78597685
571.2,101.1639355
571.4,97.15258115
571.6,91.52173016
571.8,82.7636029
572,72.87876833
572.2,61.90503217
572.4,54.8675048
572.6,50.71598176
572.8,47.46462264
573,45.57224658
573.2,44.57822527
573.4,44.52862896
573.6,44.59972011
573.8,41.55718374
574,37.99670469
574.2,38.54028657
574.4,40.38994622
574.6,42.47475168
574.8,42.28342947
575,45.26659269
575.2,41.16309593
575.4,42.7855052
575.6,44.02925762
575.8,46.04250772
576,48.37629418
576.2,49.77433897
576.4,50.73016808
576.6,49.43654277
576.8,46.90705095
577,46.07381351
577.2,47.76551451
577.4,51.32916113
577.6,53.78000219
577.8,50.40361655
578,46.44567864
578.2,42.92996175
578.4,40.81689813
578.6,40.99212983
578.8,43.87924915
579,43.3096594
579.2,42.52943411
579.4,42.79875765
579.6,43.45103786
579.8,46.17410098
580,49.21348779
580.2,51.34244761
580.4,52.14290138
580.6,51.88542863
580.8,50.94509268
581,49.42514359
581.2,49.56088627
581.4,50.80677427
581.6,52.98705827
581.8,55.34790891
582,56.49931743
582.2,56.41038927
582.4,54.62698022
582.6,53.37497908
582.8,51.8197952
583,52.54341347
583.2,53.52785907
583.4,52.53663547
583.6,51.37118183
583.8,51.19096171
584,53.57707208
584.2,55.6785117
584.4,54.66204705
584.6,52.64082137
584.8,50.11673286
585,47.3316255
585.2,44.81188222
585.4,44.18637538
585.6,46.98138558
585.8,49.92365899
586,49.77222526
586.2,46.6779553
586.4,43.59297808
586.6,40.45096772
586.8,40.74518926
587,42.34427406
587.2,44.83752072
587.4,49.01638049
587.6,54.69274404
587.8,58.71050539
588,60.1162228
588.2,55.5234586
588.4,49.11657353
588.6,44.42830469
588.8,41.65920873
589,42.58243258
589.2,43.86946622
589.4,47.96409532
589.6,52.57316677
589.8,55.80074862
590,54.06148729
590.2,52.72809762
590.4,50.58824656
590.6,53.24404329
590.8,56.63776006
591,57.69217207
591.2,55.78022732
591.4,52.6433537
591.6,50.75093808
591.8,51.0217424
592,50.53598795
592.2,47.85679573
592.4,45.87014387
592.6,49.05624568
592.8,55.80380567
593,61.74451698
593.2,66.41206187
593.4,68.43004559
593.6,68.89022207
593.8,65.9388461
594,62.57943794
594.2,60.88918549
594.4,59.94343024
594.6,55.5532558
594.8,50.97402608
595,50.77128938
595.2,53.81102753
595.4,56.04075907
595.6,55.09188135
595.8,55.61961027
596,56.99094356
596.2,55.04713307
596.4,51.89369296
596.6,49.2815633
596.8,47.48303044
597,50.29162561
597.2,54.1095936
597.4,56.85035072
597.6,56.80399443
597.8,52.59037862
598,47.1283814
598.2,42.32744024
598.4,39.91191991
598.6,43.65188046
598.8,48.85453825
599,48.56201297
599.2,45.12905759
599.4,46.87896999
599.6,50.98505767
599.8,53.08469908
600,52.2301735
600.2,52.24955924
600.4,52.67683994
600.6,53.4232259
600.8,56.91475708
601,60.77890026
601.2,63.95127252
601.4,63.92852676
601.6,58.99164077
601.8,54.55032448
602,53.03052186
602.2,55.4015976
602.4,58.90550598
602.6,61.28989689
602.8,60.84252822
603,61.73409689
603.2,58.99528571
603.4,55.73790842
603.6,55.97140052
603.8,58.12662398
604,62.28189865
604.2,65.66579421
604.4,66.3753902
604.6,67.06808252
604.8,65.53219076
605,62.40344485
605.2,58.23942283
605.4,57.73785493
605.6,56.10936835
605.8,53.73748502
606,52.42956686
606.2,55.37824217
606.4,60.48512574
606.6,65.17947812
606.8,68.95194563
607,70.43859254
607.2,68.13269882
607.4,64.84729171
607.6,63.38224312
607.8,64.93854004
608,65.51669426
608.2,67.54549898
608.4,70.49544219
608.6,73.35432108
608.8,74.87047329
609,72.11527374
609.2,69.07788406
609.4,69.2911353
609.6,73.37478297
609.8,77.75878728
610,73.19971058
610.2,70.76844099
610.4,62.4858832
610.6,55.99579889
610.8,53.0865205
611,56.12599819
611.2,60.06421574
611.4,62.89973636
611.6,65.82262864
611.8,68.01848807
612,70.75506975
612.2,71.55964209
612.4,69.18490206
612.6,67.50316681
612.8,67.8725585
613,68.78449612
613.2,67.92943495
613.4,65.72257676
613.6,63.79142555
613.8,65.46018761
614,68.59240604
614.2,71.03209382
614.4,70.87428719
614.6,68.7054929
614.8,65.70635543
615,63.06125158
615.2,62.55784855
615.4,62.50432453
615.6,62.02544415
615.8,58.90190903
616,56.44918899
616.2,56.60165261
616.4,61.29906091
616.6,67.52741201
616.8,71.74201791
617,73.53326204
617.2,71.37913768
617.4,70.27279388
617.6,69.25902523
617.8,68.70561353
618,64.86776569
618.2,59.60259793
618.4,55.87318732
618.6,54.14542288
618.8,52.52461767
619,51.42124562
619.2,52.18253438
619.4,55.78045943
619.6,61.16578015
619.8,68.23709224
620,80.34235
620.2,82.353426
620.4,84.235346
620.6,88.234265
620.8,86.324325
621,80.23526
621.2,75.3252346
621.4,82.353426
621.6,84.235346
621.8,88.234265
622,86.324325
622.2,80.23526
622.4,75.3252346
622.6,82.353426
622.8,84.235346
623,86.324325
623.2,80.23526
623.4,75.3252346
623.6,76.3452
623.8,78.235245
624,80.23534
624.2,73.3462
624.4,67.236765
624.6,60.54725
624.8,57.325342
625,54.38596491
625.2,63.45323753
625.4,78.90512486
625.6,92.01196263
625.8,96.854431
626,91.5409077
626.2,84.89043031
626.4,83.99219783
626.6,88.28527588
626.8,93.65050359
627,97.80203733
627.2,101.0517947
627.4,100.7357353
627.6,93.01362198
627.8,85.92140977
628,81.16739037
628.2,78.48697469
628.2534247,75.43859649
628.4,78.24386261
628.6,81.47070872
628.8,86.57557295
629,88.49159227
629.2,87.85539765
629.4,85.8253666
629.6,83.94539578
629.8,84.34052125
630,85.97624443
630.2,85.05032088
630.4,86.69735883
630.6,90.09761165
630.8,92.41892098
631,96.26249365
631.2,98.39263354
631.4,94.13193977
631.6,93.54617555
631.8,89.96338094
632,86.37159203
632.2,85.74029464
632.4,86.52241329
632.6,88.64087577
632.8,90.13164045
633,90.71689881
633.2,89.66178318
633.4,87.63656843
633.6,88.97076902
633.8,92.48537526
634,95.03786255
634.2,90.20967974
634.4,83.07429042
634.6,76.66542853
634.760274,73.68421053
634.8,77.28749594
635,84.68980755
635.2,86.38826768
635.4,89.03083767
635.6,91.72940302
635.8,92.14732337
636,93.3293228
636.2,97.02300688
636.4,99.96520316
636.6,97.34959671
636.8,94.28527794
637,94.47726508
637.2,99.41884711
637.4,101.9610483
637.6,105.9347066
637.8,101.7794295
638,94.83522609
638.2,85.47711258
638.4,75.53650174
638.6,68.8273532
638.8,64.58019512
639,67.19704502
639.2,71.54803345
639.4,76.7752692
639.6,82.27414603
639.8,83.57189829
640,82.44465174
640.2,79.93868334
640.4,74.40559773
640.6,67.24977626
640.8,60.67594959
641,59.45491514
641.2,62.84016493
641.4,65.98636556
641.6,68.5010174
641.8,69.60578723
642,70.84792223
642.2,72.49384722
642.4,75.50759633
642.6,79.15080871
642.8,81.98164778
643,83.58373059
643.2,84.42572139
643.4,79.25530782
643.6,70.86641179
643.8,64.09753071
644,60.63723383
644.2,58.83995196
644.4,57.90235807
644.6,54.32581415
644.8,53.53155316
645,57.9627327
645.2,63.81956991
645.4,69.5350946
645.6,67.33603827
645.8,64.25063903
646,62.76605212
646.2,63.21126105
646.4,68.26360293
646.6,73.15175217
646.8,74.6017645
647,74.24778917
647.2,71.89409956
647.4,69.53472914
647.6,70.54639952
647.8,72.62098832
648,75.68708762
648.2,77.87124947
648.4,75.82932274
648.6,76.35567505
648.8,80.26558403
649,85.67733677
649.2,89.26055977
649.4,92.86903081
649.6,94.41532227
649.8,96.61485937
650,98.26733296
650.2,94.79443767
650.4,89.03097748
650.6,80.78074861
650.8,75.37219524
651,75.08266856
651.2,80.29434707
651.4,89.41942493
651.6,96.82698673
651.8,101.6747745
652,97.87125396
652.2,92.4590619
652.4,92.15089454
652.6,93.78222435
652.8,94.51856088
653,91.75697399
653.2,90.46934796
653.4,88.45871543
653.6,87.67203444
653.8,87.45929051
654,82.26958789
654.2,76.4423677
654.4,69.28715418
654.6,63.01245139
654.8,64.91773266
655,72.10981337
655.2,78.82708154
655.4,84.70650856
655.6,87.6005054
655.8,89.20804135
656,93.25677203
656.2,95.09506137
656.4,92.97907907
656.6,90.66984265
656.8,93.43317657
657,95.79078784
657.2,91.08613295
657.4,89.01913062
657.6,90.92032667
657.8,88.54969255
658,87.13886307
658.2,88.52562838
658.4,88.87887475
658.6,89.82568821
658.8,90.9702079
659,88.17545894
659.2,83.7112577
659.4,81.34151476
659.6,76.33664002
659.8,74.47289512
660,77.1563578
660.2,79.91914562
660.4,85.44689326
660.6,87.56666945
660.8,84.71047515
661,80.59484393
661.2,78.68113706
661.4726027,82.45614035
661.6,78.29223143
661.8,77.374105
662,76.79943417
662.2,73.13844696
662.4,68.95783233
662.6,64.89651564
662.8,62.22814047
663,67.63320702
663.2,72.51781848
663.4,81.57975363
663.6,89.8695183
663.6986301,94.73684211
663.8,92.17693591
664,87.07048682
664.2,79.8834208
664.4,72.61890336
664.6,65.07889258
664.8,63.83937311
665,66.44934928
665.2,72.4476236
665.4,77.17740068
665.6,83.09418969
665.8,86.31493301
666,88.41490539
666.2,89.16762966
666.4,92.94855548
666.6,93.9695739
666.8,90.24604015
667,87.91525452
667.2,92.16098646
667.4,97.3305129
667.6,100.5299783
667.8,94.13294947
668,84.56600574
668.2,74.64176517
668.4,74.29245921
668.6,79.98258407
668.8,85.70117398
669,89.33411221
669.2,91.90128791
669.4,92.02207027
669.6,88.64156918
669.8,85.77657852
670,81.78502604
670.2,85.14897846
670.4,84.72186863
670.6,77.28775707
670.8,66.79341828
671,58.18857536
671.2,54.74336694
671.4,56.93056263
671.6,58.32185417
671.9178082,63.15789474
672,67.187087
672.2,77.44838102
672.4,90.84118507
672.6,102.1080894
672.8,102.3639035
673,97.0958124
673.2,92.57036939
673.4,92.40000381
673.6,94.23479645
673.8,93.83708955
674,94.42377146
674.2,96.48680284
674.4,93.74135044
674.6,92.84739575
674.8,91.74580407
675,94.11250248
675.2,94.9698148
675.4,95.35980833
675.6,91.51803832
675.8,85.90442202
676,83.046891
676.2,81.97997467
676.4,79.93823339
676.6,77.86804038
676.8,79.07437768
677,83.48438616
677.2,85.96539718
677.4,85.76294091
677.6,87.79772057
677.8,88.03447755
678,85.13259265
678.2,81.29959834
678.4,85.55613415
678.6,90.17154366
678.8,91.34933418
679,83.78012647
679.2,74.77519206
679.4,72.78235186
679.6,79.1336358
679.8,86.23993293
680,92.1604095
680.2,96.53376915
680.4,97.84795781
680.6,98.69157753
680.8,100.3013967
681,98.11465971
681.2,104.0089598
681.4,112.9054495
681.6,115.9555014
681.8,108.6109103
682,100.4083097
682.2,95.77322248
682.4,92.86871755
682.6,91.39628494
682.8,92.55155462
683,94.73739674
683.2,94.60023516
683.4,86.20297766
683.6,77.23583834
683.8,69.90884657
684,65.80465545
684.2,62.68933845
684.4,66.88419329
684.6,73.49800929
684.8,79.0718165
685,80.06761475
685.2,78.10211914
685.4,74.83552107
685.6,71.23840441
685.8,69.67155933
686,70.99210926
686.2,68.19937577
686.4,61.21788319
686.6,53.76336512
686.8,47.73820393
687,43.58625483
687.2,40.4024456
687.4,41.5645522
687.6,46.77285814
687.8,52.25773418
688,52.77227039
688.2,49.94768134
688.4,48.32721063
688.6,48.31851094
688.8,45.80853138
689,47.90614821
689.2,52.43128091
689.4,55.03538237
689.6,54.07699869
689.8,52.92225023
690,50.37618037
690.2,49.19357064
690.4,51.9647076
690.6,55.1955999
690.8,53.71464747
691,52.33906481
691.2,54.3849099
691.4,57.52045699
691.6,57.83259786
691.8,55.03886621
692,51.71223762
692.2,48.69558584
692.4,48.27355896
692.6,48.81730635
692.8,49.87029414
693,51.31830126
693.2,52.0086851
693.4,51.69641737
693.6,52.34108562
693.8,52.8250903
694,52.81200503
694.2,53.69250926
694.4,53.65698456
694.6,52.98125657
694.8,51.33408166
695,50.94356281
695.2,54.1307699
695.4,57.71005663
695.6,59.91344563
695.8,57.74093332
696,54.32704518
696.2,54.77337409
696.4,58.09760442
696.6,55.17904846
696.8,49.74276185
697,45.39996466
697.2,49.75816725
697.4,52.74614203
697.6,49.40999964
697.8,50.66396643
698,52.62075134
698.2,52.87821416
698.4,54.63441322
698.6,56.20180903
698.8,57.16740826
699,60.09935012
699.2,64.56283447
699.4,68.37477622
699.6,71.74413917
699.8,72.45964961
700,67.46956404
700.2,64.1992476
700.4,61.90729206
700.6,59.28360511
700.8,58.74570503
701,58.92365169
701.2,53.11154902
701.4,45.60593647
701.6,40.32652615
701.8,41.33345479
702,44.00660243
702.2,45.4003763
702.4,42.83782986
702.6,39.9999619
702.8,39.09940797
703,43.82430488
703.2,50.42710794
703.4,55.74579919
703.6,58.48310373
703.8,57.37813922
704,54.6375093
704.2,53.65658475
704.4,54.80267861
704.6,57.3506549
704.8,58.72002982
705,57.07476359
705.2,53.38462917
705.4,49.57620238
705.6,49.69099058
705.8,49.56558538
706,48.6580762
706.2,48.31192191
706.4,46.37200821
706.6,44.90444273
706.8,45.01253566
707,46.5506034
707.2,47.87686002
707.4,48.61605448
707.6,51.54815008
707.8,53.13160185
708,52.94503284
708.2,51.30355893
708.4,51.10669537
708.6,53.17641933
708.8,53.66726027
709,52.57604145
709.2,49.97091611
709.4,47.18080119
709.6,46.85383548
709.8,48.5250407
710,50.92052019
710.2,53.32457692
710.4,57.76191979
710.6,63.13825792
710.8,67.75183457
711,70.56218929
711.2,68.51438514
711.4,62.99018291
711.6,56.3613595
711.8,51.5406856
712,48.99356018
712.2,48.45322443
712.4,47.83869137
712.6,47.03345027
712.8,47.11470823
713,47.20317962
713.2,46.19214166
713.4,46.86161567
713.6,47.3400064
713.8,45.00375115
714,43.43601894
714.2,47.08952814
714.4,50.99502439
714.6,51.25586257
714.8,48.15783125
715,45.62911856
715.2,48.42957427
715.4,52.79473155
715.6,54.85902608
715.8,50.8895725
716,46.55006481
716.2,47.77272653
716.4,51.67408215
716.6,53.48822767
716.8,53.21025995
717,49.23526172
717.2,44.9626728
717.4,46.7976234
717.6,50.3731849
717.8,52.89936944
718,53.24718883
718.2,50.89258381
718.4,51.58348263
718.6,54.69118301
718.8,56.53944862
719,59.28901417
719.2,62.28698917
719.4,60.64040443
719.6,59.84203508
719.8,61.48686636
720,62.35577268
720.2,60.46981635
720.4,59.45856653
720.6,59.4029896
720.8,59.87655492
721,56.43714616
721.2,52.16146428
721.4,49.91798672
721.6,53.09429568
721.8,57.64720124
722,61.26539327
722.2,65.47033134
722.4,70.80579188
722.6,74.07003309
722.8,73.5111133
723,71.67159186
723.2,71.32543515
723.4,73.46366807
723.6,76.21502016
723.8,77.50661162
724,76.84126015
724.2,78.70209654
724.4,80.38659045
724.6,82.3724032
724.8,83.08531698
725,79.87834949
725.2,75.43648844
725.4,71.89021834
725.6,67.63086338
725.8,70.08552492
726,77.72264867
726.2,89.13740631
726.4,103.8468218
726.6,114.6836605
726.8,121.1181886
727,115.9415079
727.2,104.6581142
727.4,90.26696325
727.6,80.07130503
727.8,78.51540849
728,75.50623155
728.2,73.73729639
728.4,69.81838941
728.6,66.29504289
728.8,64.32474737
729,63.51211631
729.2,64.46088545
729.4,66.54173746
729.6,69.78511943
729.8,73.64133612
730,74.71864438
730.2,70.7965004
730.4,66.61794049
730.6,60.14330614
730.8,55.31475952
731,51.97519112
731.2,51.06854292
731.4,52.86387565
731.6,55.92656598
731.8,59.889576
732,63.71336262
732.2,61.07126321
732.4,54.4743588
732.6,47.8921082
732.8,47.65880614
733,50.32074349
733.2,50.79313164
733.4,48.72692469
733.6,47.17049573
733.8,47.85654195
734,50.50204464
734.2,53.57829095
734.4,55.36450027
734.6,54.88834447
734.8,59.1007419
735,70.80329792
735.2,92.03806552
735.4,120.276445
735.6,135.4085369
735.8,131.1067976
736,113.4611946
736.2,90.79073633
736.4,74.34992687
736.6,64.46470345
736.8,65.79159749
737,72.47308074
737.2,77.53224435
737.4,81.04787291
737.6,79.86821259
737.8,77.03593129
738,73.53781479
738.2,74.89060591
738.4,78.87544568
738.6,84.58136005
738.8,91.11617764
739,96.55693577
739.2,100.4309377
739.4,99.37250176
739.6,99.33580391
739.8,99.09113997
740,95.88660296
740.2,91.27626192
740.4,86.8375749
740.6,84.71595666
740.8,83.06110123
741,79.15395257
741.1129568,73.5042735
741.4451827,70.08547009
741.6,75.42966806
741.8,83.16266518
742,87.3398389
742.2,89.9314655
742.4,87.73507294
742.6,86.1432869
742.8,88.39261493
743,88.37933128
743.2,87.38809023
743.4,83.48616031
743.6,77.69339118
743.8,71.9640855
744,68.93980238
744.2,71.54169583
744.4,75.67685684
744.6,78.72510616
744.8,77.99117369
745,76.68007039
745.2,73.81569994
745.4,73.21458224
745.6,76.85150441
745.8,79.70619644
746,75.44863689
746.2,67.55415374
746.4,62.75055491
746.6,66.40657231
746.8,70.1707351
747,72.04104472
747.2,72.24153044
747.4,69.95143881
747.6,68.11671746
747.8,69.30858324
748,70.57703261
748.2,68.5521358
748.4,66.08287855
748.6,65.90295185
748.8,64.86834373
749,65.00322351
749.2,66.38898834
749.4,66.24656376
749.6,66.06551141
749.8,64.73956167
750,59.31165377
750.2,57.54972362
750.4,55.34544913
750.6,56.86856634
750.8,61.16242601
751,66.63674366
751.2,69.79872488
751.4,64.48438985
751.6,56.66458359
751.8,51.78429081
752,56.46282935
752.2,63.06424335
752.4,66.78205238
752.6,66.29988223
752.8,65.69395525
753,64.44878974
753.2,62.13816531
753.4,59.83050285
753.6,58.0853204
753.8,54.30154059
754,47.07504813
754.2,40.60624997
754.4,35.43997887
754.6,33.3381166
754.8,34.99362675
755,40.67721247
755.2,44.29532385
755.4,47.14032425
755.6,45.63965943
755.8,43.13978182
756,41.76267138
756.2,42.49938098
756.4,44.32641434
756.6,47.6519843
756.8,49.6763784
757,52.72280766
757.2,57.64142492
757.4,62.89083993
757.6,65.2646142
757.8,62.12109717
758,59.12942769
758.2,60.43720672
758.4,64.07146081
758.6,69.06816442
758.8,72.88395445
759,73.92142638
759.2,76.20853645
759.4,78.82184326
759.6,73.61006023
759.8,64.64171455
760,57.46026189
760.2,56.17115452
760.4,60.30132706
760.6,65.67496479
760.8,70.16811554
761,67.27587244
761.2,63.46728571
761.4,62.32575532
761.6,62.17765328
761.8,59.47639456
762,54.56822765
762.2,51.1749411
762.4,54.80773367
762.6,59.78860269
762.8,62.1878079
763,57.91845367
763.2,51.77521763
763.4,45.93652368
763.6,43.42769104
763.8,44.22643763
764,41.67033598
764.2,40.4808001
764.4,42.79520309
764.6,43.72394405
764.8,43.89853227
765,44.31189541
765.2,45.32167151
765.4,46.24477729
765.6,46.64060955
765.8,48.19211193
766,49.23041891
766.2,46.91281886
766.4,42.41960845
766.6,38.49062635
766.8,41.30927815
767,47.76231649
767.2,54.05095858
767.4,56.39333762
767.6,58.47845776
767.8,61.776362
768,64.01684762
768.2,61.53171317
768.4,57.39302719
768.6,54.11159217
768.8,55.09697244
769,56.5473602
769.2,53.94410678
769.4,49.12224201
769.6,45.94381092
769.8,48.11114123
770,48.03677841
770.2,43.03061221
770.4,39.09704686
770.6,42.99996841
770.8,49.09524035
771,53.01316345
771.2,50.07764269
771.4,47.09763815
771.6,45.3652149
771.8,44.03385558
772,45.96438792
772.2,47.96044196
772.4,48.68378604
772.6,46.78545282
772.8,42.74883509
773,38.49779805
773.2,36.73942459
773.4,38.12763068
773.6,38.35560256
773.8,36.94289883
774,36.31758175
774.2,34.47739836
774.4,30.921971
774.6,32.65514278
774.8,36.78324102
775,39.34649648
775.2,36.63063987
775.4,34.39421066
775.6,32.37973752
775.8,30.26100841
776,30.73513457
776.2,34.61840485
776.4,38.74781289
776.6,38.2221389
776.8,35.73648479
777,35.79922257
777.2,39.94655282
777.4,43.35686817
777.6,43.17421988
777.8,40.15620436
778,35.68224779
778.2,32.43308887
778.4,31.94793718
778.6,31.08350553
778.8,29.93779179
779,32.47985235
779.2,37.61084597
779.4,41.67444619
779.6,41.84331775
779.8,40.89593253
780,37.09288065
780.2,33.66181146
780.4,31.85894338
780.6,33.20928842
780.8,36.57676006
781,39.66382795
781.2,41.00614117
781.4,39.87918731
781.6,40.17782898
781.8,41.09115915
782,41.0018262
782.2,38.69280528
782.4,36.88426777
782.6,35.7368055
782.8,35.94351843
783,39.55179622
783.2,43.43456139
783.4,42.30601307
783.6,38.67183054
783.8,35.93123458
784,36.36471051
784.2,38.84388742
784.4,40.5495966
784.6,40.10679338
784.8,40.64959583
785,38.28800671
785.2,35.10756164
785.4,38.8166417
785.6,37.8994692
785.8,37.56548402
786,41.02475719
786.2,44.1147246
786.4,43.06123617
786.6,41.2253527
786.8,40.78275779
787,41.43422597
787.2,43.05056909
787.4,46.99843327
787.6,49.43936939
787.8,47.598078
788,47.49229198
788.2,45.10881182
788.4,41.26579896
788.6,38.91255038
788.8,36.80350057
789,35.79578981
789.2,34.80179148
789.4,33.54571594
789.6,33.55455213
789.8,33.54786093
790,37.13860536
790.2,38.85002977
790.4,40.2588599
790.6,41.86818373
790.8,42.69157609
791,44.19103511
791.2,47.2060125
791.4,50.77320346
791.6,51.43060888
791.8,48.99148656
792,46.85164381
792.2,44.27807156
792.4,45.5460555
792.6,47.39326076
792.8,49.98473197
793,52.69656723
793.2,52.85927745
793.4,50.81378524
793.6,47.85925142
793.8,46.7797653
794,46.85123022
794.2,47.16844594
794.4,47.55126624
794.6,47.53537254
794.8,50.30427553
795,55.85014536
795.2,60.56851925
795.4,62.53649189
795.6,58.33728475
795.8,54.29181254
796,53.42413512
796.2,50.51486688
796.4,46.8222129
796.6,49.01472012
796.8,53.33273705
797,56.73672445
797.2,57.55646361
797.4,59.38077489
797.6,61.58132807
797.8,64.60755237
798,67.39928514
798.2,68.30801906
798.4,67.69196841
798.6,65.22856572
798.8,65.4865829
799,64.42915511
799.2,61.94911394
799.4,58.92983542
799.6,56.78994456
799.8,56.29037784
800,57.94135579
800.2,59.15122176
800.4,58.73031437
800.6,55.67196857
800.8,53.488764
801,54.78070795
801.2,57.97537864
801.4,60.10210823
801.6,60.17701706
801.8,61.88775468
802,65.38497394
802.2,68.81350156
802.4,69.94585608
802.6,67.02449224
802.8,62.081164
803,56.29730116
803.0405405,52.17391304
803.2,55.22615415
803.4,60.43140138
803.6,65.77641325
803.8,70.35677615
804,72.31764858
804.2,72.12621816
804.4,69.72832255
804.6,66.37186264
804.8,63.00446196
805,60.86172011
805.2,60.83249197
805.4,61.21650715
805.6,61.68256643
805.8,60.70289723
806,58.69503903
806.2,58.20090189
806.4,59.76748718
806.6,60.81817053
806.8,63.24524392
807,63.01276226
807.2,59.66834109
807.4,59.02471629
807.6,60.94777454
807.8,57.7580752
808,54.81768177
808.2,55.39377063
808.4,58.78436001
808.6,55.23372024
808.8,51.18096415
809,48.29285646
809.2,46.81800895
809.4,48.05997832
809.6,50.19923806
809.8,53.26367089
810,55.93029933
810.2,57.55964878
810.4,57.97428733
810.6,61.12147953
810.6418919,64.34782609
810.8,61.76005431
811,59.03601988
811.2,57.48553821
811.4,61.13633394
811.6,63.36711824
811.8,59.94503667
812,56.84687077
812.2,57.56034266
812.4,59.18449028
812.6,58.89336579
812.8,55.36837354
813,51.86282008
813.2,50.12932994
813.4,49.69822402
813.6,50.7268688
813.8,52.35234311
814,54.41059727
814.2,56.90488087
814.4,58.3504585
814.6,58.58304868
814.8,56.07452194
815,56.94455352
815.2,57.84188134
815.4,57.55681342
815.6,58.42241771
815.8,58.79851426
816,59.48626112
816.2,60.45618783
816.4,59.57924793
816.6,58.78361033
816.8,58.53796463
817,61.7541512
817.2,65.23631462
817.4,63.79279672
817.6,59.27595939
817.8,55.50375614
818,55.59405242
818.2,53.49605416
818.4,54.14339356
818.6,58.68439123
818.8,62.64617296
819,65.36615438
819.2,65.72067451
819.4,64.31575565
819.6,61.11660746
819.8,58.42968481
820,58.99493956
820.2,58.496586
820.4,55.9463893
820.6,53.56135383
820.8,55.78108852
821,58.81225279
821.2,59.19724489
821.4,53.37762271
821.6,51.36224113
821.8,51.80525488
822,50.84604235
822.2,49.35629423
822.4,49.34760861
822.6,49.69179996
822.8,53.14534465
823,54.5023883
823.2,52.93304592
823.4,51.49765876
823.6,50.91995344
823.8,49.28262678
824,46.78790494
824.2,45.12803873
824.4,45.55906969
824.6,47.43411113
824.8,47.63612599
825,46.78790494
825.2,45.12803873
825.4,45.55906969
825.6,47.43411113
825.8,47.63612599
826,53.14534465
826.2,54.5023883
826.4,52.93304592
826.6,46.78790494
826.8,45.12803873
827,45.55906969
827.2,42.3545
827.4,43.12134
827.6,46.7854
827.8,50.234657
828,52.967734
828.2,55.425252
828.4,60.2356
828.6,64.235677
828.8,75.43859649
829,77.77271749
829.2,81.76562479
829.4,85.45394081
829.6,75.43859649
829.8,77.77271749
830,81.76562479
830.2,85.45394081
830.4,85.13031528
830.6,81.69937226
830.8,79.50188333
831,77.37908366
831.2,78.17463879
831.4,80.95694398
831.6,80.23046968
831.8,81.19593017
832,84.09668965
832.2,90.96001234
832.4,98.55416639
832.6,105.2631579
832.8,99.89014163
832.8651685,97.81677985
833,98.55712151
833.2,101.2665952
833.4,108.7719298
833.6,102.4299661
833.7078652,101.0755365
834,95.57517753
834.2,90.74678717
834.4,87.17242022
834.6,91.19521835
834.8,98.65574008
835,103.5087719
835.2,97.39801698
835.2247191,91.24514025
835.4,87.13146345
835.6,91.78186147
835.8,93.62350493
836,88.82358849
836.2,84.23270114
836.4,78.73718115
836.6,76.74746961
836.8,80.10304427
837,85.44558905
837.2,90.89834125
837.4,92.32678016
837.6,91.71316729
837.8,92.2841159
838,90.2630395
838.2,88.10799507
838.4,87.7123658
838.6,84.1987273
838.8,78.02952314
839,71.91988523
839.2,68.01780709
839.4,66.41929032
839.6,67.58733696
839.8,69.4396737
840,70.56862552
840.2,69.71534097
840.4,66.60346981
840.6,63.49252855
840.8,64.92167982
841,68.11156702
841.2,68.53453333
841.4,65.18901487
841.6,60.9318581
841.8,60.5564166
842,63.03061429
842.2,65.1784097
842.4,65.0926596
842.6,65.60704073
842.8,64.67073274
843,64.77844485
843.2,61.70164994
843.4,65.42878195
843.6,77.06205463
844,84.21052632
844.2,91.22807018
844.3258427,86.46593738
844.494382,82.3218537
844.6,80.46544063
844.8,80.10853404
845,77.9869549
845.2,75.07253185
845.4,73.77301714
845.6,66.59961589
845.8,63.7255984
846,60.10790446
846.2,56.57830983
846.4,59.05643165
846.6,63.98249112
846.8,67.88656904
847,68.53151953
847.2,67.23925193
847.4,63.07031854
847.6,59.14163644
847.8,60.11460002
848,60.16812682
848.2,60.40003796
848.4,62.46885153
848.6,65.67724631
848.8,65.76494751
849,59.46790941
849.2,55.72132186
849.4,51.32668016
849.6,58.81393178
849.8,59.7165728
850.2,61.1763593
850.4,63.68830295
850.6,62.56984194
850.8,60.11614214
851,60.59175765
851.2,65.5311358
851.4,71.39353038
851.6,76.53869149
851.8,78.54706117
852,73.83723539
852.2,67.23748943
852.4,62.65096011
852.6,64.17495744
852.8,68.53138164
853,72.85283891
853.2,72.69101592
853.4,77.53452331
853.6,83.91810453
853.8,89.48128075
854,89.88452702
854.2,86.24560823
854.4,84.29933469
854.6,79.08368099
854.8,77.53819594
855,78.08103936
855.2,77.20100633
855.4,73.88743893
855.6,70.55842772
855.8,65.7310456
856,61.40350877
856.2,60.7828465
856.2921348,62.11329019
856.6,65.34749721
856.8,68.01654806
857,66.17449548
857.2,63.24433671
857.4,61.5945277
857.6,63.75288954
857.8,62.69135526
858,61.59935697
858.2,65.97265284
858.4,68.82303705
858.6,68.24171995
858.8,65.87632013
859,60.00116676
859.2,54.62389342
859.4,54.94042605
859.6,56.48700227
859.8,51.06475226
860,47.95764704
860.2,45.72049102
860.4,42.19868057
860.6,38.60028522
860.8,38.04908215
861,39.98016273
861.2,43.1182999
861.4,45.59847733
861.6,44.59629758
861.8,43.86448223
862,44.39359793
862.2,42.53304929
862.4,40.49263221
862.6,37.96175721
862.8,35.57359502
863,35.54366157
863.2,37.34190095
863.4,38.45178281
863.6,38.43965075
863.8,38.44332224
864,37.45457304
864.2,34.66544451
864.4,33.26158552
864.6,31.3355062
864.8,27.82952169
865,29.20348975
865.2,32.41181065
865.4,33.02091476
865.6,31.78337021
865.8,30.50966103
866,31.68096959
866.2,31.33447429
866.4,32.34005344
866.6,33.0448262
866.8,30.74849975
867,27.53771486
867.2,29.29751209
867.4,31.28182335
867.6,30.37749462
867.8,28.49541843
868,26.82384904
868.2,25.54667702
868.4,26.34522034
868.6,27.15686273
868.8,27.53146291
869,27.98906913
869.2,27.1246216
869.4,26.2883144
869.6,26.11896494
869.8,27.94987314
870,27.95708787
870.2,27.21470334
870.4,27.3187379
870.6,28.70499109
870.8,29.23794981
871,29.23341329
871.2,28.82411022
871.4,27.62957846
871.6,27.56804526
871.8,27.22733408
872,27.6176373
872.2,27.42296456
872.4,25.75942427
872.6,23.94556126
872.8,23.35916537
873,23.28106691
873.2,23.97795943
873.4,30.06912938
873.6,31.79745234
873.8,30.86972598
874,32.98808876
874.2,33.39426603
874.4,32.91661869
874.6,29.98155228
874.8,27.93152698
875,29.56274962
875.2,31.73801232
875.4,32.06296079
875.6,31.9974173
875.8,33.31259116
876,31.76164096
876.2,30.32287705
876.4,27.84968176
876.6,26.74546484
876.8,30.1208253
877,36.97637112
877.2,38.81192124
877.4,39.27664483
877.6,36.46316876
877.8,31.6220619
878,26.38850385
878.2,27.25594655
878.4,27.90059695
878.6,29.39266404
878.8,32.01908915
879,31.08965061
879.2,29.0001226
879.4,27.62244023
879.6,28.4314178
879.8,30.89503989
880,34.22421831
880.2,39.53213845
880.4,41.95396875
880.6,37.49488972
880.8,33.9648449
881,33.76750285
881.2,34.40217127
881.4,34.06522522
881.6,37.50310785
881.8,40.548921
882,43.006023
882.2,41.96170111
882.4,38.0448013
882.6,34.14050167
882.8,31.54917364
883,33.96212673
883.2,36.38193208
883.4,39.92606728
883.6,42.43940949
883.8,37.03167194
884,36.24399133
884.2,36.25637169
884.4,36.42289473
884.6,37.13674823
884.8,33.61865325
885,31.62891876
885.2,30.97393555
885.4,31.1582161
885.6,29.99085574
885.8,29.26124548
886,31.6293746
886.2,31.24049183
886.4,29.61178532
886.6,28.89727882
886.8,29.59750174
887,27.97976512
887.2,26.67975914
887.4,27.87128524
887.6,29.14474348
887.8,28.7449954
888,28.71147354
888.2,29.80062836
888.4,32.35657097
888.6,35.13072749
888.8,33.4406953
889,31.37467144
889.2,29.59849798
889.4,29.62689435
889.6,26.9834029
889.8,24.36064701
890,25.51191005
890.2,27.5659401
890.4,25.80175888
890.6,26.15196501
890.8,29.69614529
891,32.76379373
891.2,36.1608353
891.4,36.93889658
891.6,35.89320819
891.8,34.92502074
892,35.0704722
892.2,31.95692622
892.4,29.03815003
892.6,26.88892188
892.8,28.21474349
893,29.61237385
893.2,29.08928024
893.4,26.9535702
893.6,28.40787622
893.8,32.14291702
894,31.41884962
894.2,29.06553748
894.4,28.45098754
894.6,28.63728776
894.8,30.46370104
895,31.23796973
895.2,30.41838979
895.4,29.99452611
895.6,29.65356613
895.8,29.02022349
896,28.52411315
896.2,31.46705972
896.4,36.49305155
896.6,40.4012961
896.8,39.56966989
897,41.18081247
897.2,42.95724557
897.4,42.12787706
897.6,38.03354786
897.8,35.6871191
898,34.72967057
898.2,34.35561659
898.4,34.4224359
898.6,36.35243473
898.8,32.22063174
899,28.89882277
899.2,27.25883905
899.4,28.34095887
899.6,32.38818915
899.8,36.38021535
900,37.14443241
900.2,34.75724925
900.4,33.12697723
900.6,34.42811503
900.8,32.38622973
901,30.37152389
901.2,28.15193513
901.4,29.84180699
901.6,30.29140564
901.8,28.90712187
902,29.13580666
902.2,27.65200014
902.4,27.47506523
902.6,26.84353601
902.8,30.04623253
903,36.75771616
903.2,36.96356513
903.4,34.94889961
903.6,32.91259377
903.8,32.32203219
904,32.81774746
904.2,34.23829118
904.4,29.849685
904.6,28.25791153
904.8,27.89835928
905,27.21225932
905.2,27.97172368
905.4,30.95010413
905.6,34.23001794
905.8,36.55387945
906,36.25551004
906.2,30.89632993
906.4,27.4257773
906.6,23.73446151
906.8,23.33355917
907,25.19151148
907.2,30.81275578
907.4,30.64073619
907.6,29.81188732
907.8,29.62092903
908,28.76407801
908.2,31.9078387
908.4,32.55332851
908.6,32.66187445
908.8,36.30448427
909,32.02238617
909.2,34.29652198
909.4,32.06760721
909.6,29.16287665
909.8,26.54867257
910,27.94186977
910.1535836,30.08849558
910.4,29.17423255
910.665529,26.47925366
910.8,25.38686395
911,26.81800968
911.2,28.52017148
911.4,25.86311185
911.6,24.14913149
911.8,25.67823052
912,27.81288529
912.2,28.80230729
912.4,31.32487653
912.6,33.42374846
912.8,32.68691418
913,32.11353135
913.2,33.68848907
913.4,33.59565331
913.6,31.35487626
913.8,32.51895918
914,30.08849558
914.2,28.23839535
914.4197952,27.36750322
914.6,24.59964223
914.8,28.31858407
915,33.08199586
915.2730375,31.60716534
915.4,30.19971392
915.6,30.30989861
915.8,30.8544251
916,31.53862659
916.2,30.76319454
916.4,29.02086352
916.6,30.9455254
916.8,30.31003333
917,36.17508246
917.2,38.00589722
917.4,40.79319942
917.6,38.28855011
917.8,36.97729292
918,34.47973466
918.2,31.9833608
918.4,30.93019233
918.6,32.64651252
918.8,36.44185848
919,40.29551408
919.2,43.90830464
919.4,49.02353006
919.6,55.08759957
919.8,58.40707965
920,61.94690265
920.0511945,58.40707965
920.221843,61.54330916
920.3924915,63.69315662
920.6,63.39338328
920.8,58.32354209
921,52.5340595
921.2,47.78761062
921.4,51.63508172
921.4163823,58.18711145
921.6,64.03746379
921.8,64.29843528
922,61.34468901
922.2,59.31171502
922.4,58.47561752
922.6,59.99756683
922.8,58.26763111
923,57.64491993
923.2,55.38613514
923.4,50.47527098
923.6,46.98131241
923.8,50.22924754
924,56.22865891
924.2,58.69636862
924.4,54.86733852
924.6,54.42605002
924.8,52.54466567
925,47.88503604
925.2,43.04830764
925.4,41.18034068
925.6,44.60773963
925.8,47.26778847
926,49.70024279
926.2,52.79325514
926.4,53.66989639
926.6,52.0489686
926.8,49.05846562
927,46.32699812
927.2,49.65862312
927.4,53.36563126
927.6,55.8195702
927.8,58.13132046
928,59.54994661
928.2,59.55405522
928.4,59.96884822
928.6,61.42347018
928.8,62.87333801
929,63.53447396
929.2,63.31323694
929.4,58.94132606
929.6,53.788476
929.8,50.36041439
930,48.75066045
930.2,48.7342852
930.4,49.12181997
930.6,49.86253204
930.8,48.20201599
931,45.37538793
931.2,44.96306232
931.4,47.51310028
931.6,46.9077175
931.8,45.87457365
932,44.23459116
932.2,44.84317514
932.4,48.01077496
932.6,52.51392005
932.8,55.21033624
933,59.27728919
933.2,65.85783708
933.4,74.88928293
933.6,80.45645869
933.8,73.88685588
934,65.74496742
934.2,59.60141639
934.4,55.08547684
934.6,53.16304188
934.8,53.83137073
935,54.40247533
935.2,51.61091688
935.4,49.57800235
935.6,51.39466126
935.8,52.01433228
936,51.92264486
936.2,57.04428834
936.4,64.02565734
936.6,70.18915738
936.8,73.9075461
937,77.14016544
937.2,78.33501048
937.4,74.31775503
937.6,68.07972394
937.8,61.92287773
938,58.75370211
938.2,58.7255444
938.4,59.63088392
938.6,56.97102953
938.8,53.22862064
939,53.31816414
939.2,56.00967059
939.4,50.81109862
939.6,44.24778761
939.8,47.02868582
940.0170648,52.53170247
940.2,56.19150125
940.4,59.49674815
940.6,58.02088622
940.8,51.01850454
941,47.05004378
941.2,40.41442062
941.4,39.33461918
941.6,42.08923185
941.8,41.70497873
942,42.63638208
942.2,43.03566779
942.4,44.00923244
942.6,42.74225552
942.8,37.6176663
943,35.21344658
943.2,32.56573077
943.4,32.89064632
943.6,34.60425671
943.8,35.50074942
944,36.54391124
944.2,37.64570942
944.4,40.03092964
944.6,43.74356197
944.8,44.69227204
945,42.6259267
945.2,40.39195446
945.4,42.21773288
945.6,44.73757953
945.8,44.53669158
946,43.03912603
946.2,42.63247198
946.4,43.00313424
946.6,42.47984761
946.8,43.87633165
947,47.66436066
947.2,49.4814995
947.4,44.85952022
947.6,42.02534571
947.8,39.02005591
948,43.88832382
948.2,44.21629373
948.4,45.58170929
948.6,45.66623032
948.8,42.82299374
949,41.63689079
949.2,42.47873795
949.4,41.38515561
949.6,35.87585175
949.8,37.42677951
950,38.79833188
950.2,40.44965088
950.4,43.08622457
950.6,43.6219589
950.8,42.95778718
951,44.03997883
951.2,42.49480216
951.4,39.56478949
951.6,40.40706493
951.8,39.68146675
952,37.59384924
952.2,41.14851307
952.4,42.28318064
952.6,41.64218863
952.8,38.90232862
953,35.39757865
953.2,36.46167015
953.4,41.41862688
953.6,37.26208833
953.8,37.37931626
954,35.89694053
954.2,35.2221657
954.4,37.21583336
954.6,40.88533854
954.8,43.18971531
955,40.06899737
955.2,36.53747238
955.4,37.39595741
955.6,38.0782356
955.8,37.71265939
956,39.04899709
956.2,39.55046907
956.4,39.56928655
956.6,40.02733494
956.8,39.32910646
957,38.36027638
957.2,39.01593373
957.4,39.56503654
957.6,39.89766256
957.8,41.16171304
958,38.74018495
958.2,38.40231377
958.4,40.3768264
958.6,39.07793942
958.8,38.23636568
959,39.52720865
959.2,42.78160749
959.4,45.1896411
959.6,45.55017051
959.8,46.29680556
960,47.28938906
960.2,45.77666015
960.4,43.44222902
960.6,45.81623979
960.8,45.75695798
961,42.89238291
961.2,39.97684192
961.4,39.12091048
961.6,41.4477206
961.8,41.64490485
962,41.19142777
962.2,41.63343664
962.4,39.77389994
962.6,40.34743172
962.8,41.85007981
963,42.33470128
963.2,41.36180053
963.4,40.58302194
963.6,42.88512234
963.8,43.45108119
964,41.33393611
964.2,38.75494618
964.4,38.255294
964.6,38.53473379
964.8,38.06751662
965,38.37799815
965.2,37.01764587
965.4,35.81852927
965.6,31.88025549
965.8,33.25271264
966,35.88636586
966.2,38.99645356
966.4,39.76986422
966.6,41.58587167
966.8,39.39724635
967,35.31410678
967.2,32.01070767
967.4,33.26894909
967.6,37.44219889
967.8,42.59385555
968,48.27324508
968.2,49.09109487
968.4,46.63527934
968.6,44.0759603
968.8,45.13403811
969,46.69443625
969.2,44.79717519
969.4,42.54181026
969.6,42.05709577
969.8,43.66011786
970,46.0653697
970.2,47.34036047
970.4,48.327426
970.6,48.93829602
970.8,48.74079113
971,49.59012134
971.2,48.45377006
971.4,45.20782325
971.6,43.19413573
971.8,47.40427983
972,54.5071722
972.2,54.50899179
972.4,53.21806766
972.6,50.64988588
972.8,49.05869422
973,47.27716173
973.2,44.24054015
973.4,40.6858894
973.6,37.27060122
973.8,38.0084344
974,40.19619498
974.2,44.24778761
974.4,46.01769912
974.4880546,49.03548298
974.6587031,51.32743363
974.8,47.56275206
974.955879,46.22593219
975.2,43.60166484
975.4,39.63546418
975.6,39.15709205
975.8,39.22004994
976,38.02710754
976.2,40.52950931
976.4,39.49491637
976.6,40.86328446
976.8,39.24114807
977,38.79199178
977.2,38.78427227
977.4,38.59547533
977.6,38.9287833
977.8,41.16520829
978,41.91276102
978.2,41.68400381
978.4,42.26637975
978.6,39.73211122
978.8,37.78671022
979,39.39166403
979.2,41.65272815
979.4,41.67916032
979.6,41.12420901
979.8,40.10575603
980.2,43.35672207
980.4,48.40544864
980.6,49.42677962
980.8,47.23598589
981,45.43629833
981.2,46.12156319
981.4,46.06968993
981.6,44.66076053
981.8,42.93923145
982,43.57376214
982.2,44.07732513
982.4,44.92332511
982.6,44.18335135
982.8,42.20581647
983,42.37825774
983.2,42.26240853
983.4,38.79415877
983.6,36.94749137
983.8,39.00664767
984,44.20059966
984.2,47.32792349
984.4,46.13157304
984.6,44.16491974
984.8,41.82702185
985,42.04211817
985.2,42.81815737
985.4,40.68552787
985.6,38.28319098
985.8,38.93782096
986,40.93822102
986.2,39.49316396
986.4,36.91354279
986.6,34.17376823
986.8,34.81189204
987,35.91667361
987.2,36.79843827
987.4,36.82956918
987.6,37.81385612
987.8,39.4028352
988,40.81515941
988.2,41.03692031
988.4,39.0284448
988.6,37.53870068
988.8,35.30843945
989,34.11670584
989.2,35.02307489
989.4,35.18884049
989.6,33.52798483
989.8,33.46672392
990,35.48620056
990.2,36.10203836
990.4,33.88249566
990.6,34.01612774
990.8,37.35887856
991,39.02658382
991.2,38.32929523
991.4,35.9167962
991.6,34.12896029
991.8,33.59334984
992,35.66710958
992.2,37.17040849
992.4,38.81558199
992.6,40.60914233
992.8,38.37019996
993,37.66590474
993.2,38.13177441
993.4,39.38952846
993.6,41.67753784
993.8,41.75861681
994,40.44593412
994.2,38.74521033
994.4,39.59715174
994.6,41.29197781
994.8,42.11164631
995,40.25627441
995.2,38.801821
995.4,38.9510427
995.6,41.22376038
995.8,40.68214253
996,40.38638653
996.2,43.83718674
996.4,46.86663839
996.6,48.09115366
996.8,47.3450273
997,45.28087285
997.2,43.43541526
997.4,43.54032254
997.6,45.18087783
997.8,46.93737199
998,47.33394985
998.2,44.40716495
998.4,40.26476494
998.6,37.16814159
998.8,45.28947352
999.0368182,48.87173817
999.2,46.86587968
999.4,43.19696007
999.6,38.53747553
999.8,38.80877423
1000,38.08406562
1000.2,35.6980973
1000.4,35.64710238
1000.6,38.35974757
1000.8,41.84783818
1001,39.67317409
1001.2,36.19602085
1001.4,38.8073696
1001.6,44.38025999
1001.8,48.79362148
1002,50.97914198
1002.2,54.86725664
1002.4,50.89263466
1002.631919,47.9032652
1002.8,49.12844426
1003,51.47151964
1003.2,54.15448374
1003.4,52.71342743
1003.6,50.22458749
1003.8,48.57916753
1004,48.78154472
1004.2,51.35075955
1004.4,53.86266954
1004.6,56.63716814
1004.8,60.50329719
1005.037275,59.58023467
1005.2,56.51081092
1005.4,53.89032338
1005.6,52.01606825
1005.8,49.07940983
1006,50.45670598
1006.2,45.82649756
1006.4,40.26774842
1006.6,37.34818961
1006.8,41.08406289
1007,43.87944255
1007.2,42.37073828
1007.4,39.98558632
1007.6,42.10509415
1007.8,43.95341445
1008,48.51808257
1008.2,53.09734513
1008.4,56.63716814
1008.478713,54.86725664
1008.64759,51.30990153
1008.821031,48.8890232
1009,47.28276594
1009.2,45.05627962
1009.4,44.62321681
1009.6,46.07657274
1009.8,45.46804246
1010.2,48.24019662
1010.4,49.21266591
1010.6,48.65539409
1010.8,46.89272802
1011,44.57499641
1011.2,45.05495543
1011.4,43.41460263
1011.6,45.71613872
1011.8,48.00973461
1012,46.99447966
1012.2,47.6738146
1012.4,48.48547685
1012.6,48.28513227
1012.8,45.06802306
1013,45.02096677
1013.2,47.61158576
1013.4,49.27706525
1013.6,49.41630322
1013.8,47.18393233
1014,44.82868197
1014.2,44.69394068
1014.4,48.19216469
1014.6,51.32743363
1014.8,55.95352699
1015.013186,55.79207003
1015.4,53.29720564
1015.6,51.0188284
1015.8,49.4566555
1016,52.16425498
1016.2,57.16509479
1016.4,59.33118474
1016.6,59.11056618
1016.8,56.79230097
1017,54.81448075
1017.2,53.82720387
1017.4,50.07702382
1017.6,48.24906652
1017.8,49.41648958
1018,50.63515933
1018.2,52.25056599
1018.4,52.68043214
1018.6,53.04733617
1018.8,54.66648441
1019,54.15502705
1019.2,56.22543424
1019.4,59.36074377
1019.6,61.94690265
1019.8,64.70557694
1019.98973,61.83356818
1020.2,57.30612647
1020.4,53.33208079
1020.6,49.98855255
1020.8,50.80065111
1021,51.6906817
1021.2,53.44418002
1021.4,53.39732555
1021.6,51.36116868
1021.8,47.78761062
1022,50.53322866
1022.236859,49.07476601
1022.4,47.65842018
1022.6,45.00698318
1022.8,40.69566998
1023,43.2643202
1023.2,44.16636775
1023.4,44.14221126
1023.6,44.94646535
1023.8,41.65566941
1024,44.03278127
1024.2,48.12797612
1024.4,47.87403764
1024.6,47.70854477
1024.8,46.00936115
1025,45.94585571
1025.2,43.79328176
1025.4,43.37046573
1025.6,50.49069694
1025.8,57.15058589
1026,59.74688361
1026.2,58.13645134
1026.4,55.17975245
1026.6,52.99947057
1026.8,51.15456986
1027,52.20360636
1027.2,52.40072153
1027.4,51.42461079
1027.6,48.17703283
1027.8,44.90093154
1028,45.77939103
1028.2,46.39897765
1028.4,45.40536693
1028.6,48.17503448
1028.8,50.02983716
1029,48.98863523
1029.2,47.99147978
1029.4,47.47219972
1029.6,49.2263533
1029.8,50.14538609
1030.2,51.87811138
1030.4,47.78761062
1030.6,44.24778761
1030.660928,38.9380531
1030.83589,42.47787611
1031.012374,47.78761062
1031.181251,51.9756907
1031.348607,48.83281945
1031.6,46.72704176
1031.8,45.61168027
1032,42.51330867
1032.2,37.44152841
1032.4,38.35632021
1032.6,41.62807594
1032.8,42.13988709
1033,39.43597869
1033.2,35.26067058
1033.4,34.4848318
1033.6,35.46770277
1033.8,35.45933004
1034,35.48574884
1034.2,35.49105573
1034.4,36.33658756
1034.6,35.46770277
1034.8,35.45933004
1035,35.48574884
1035.2,35.49105573
1035.4,36.33658756
1035.6,37.56452
1035.8,37.23442
1036,37.32432
1036.2,37.68645
1036.4,37.23425
1036.6,35.48574884
1036.8,35.49105573
1037,36.33658756
1037.2,37.56451
1037.4,37.23442
1037.6,39.5291494
1037.8,41.4181831
1038,39.84618367
1038.2,41.39391026
1038.4,44.79180338
1038.6,46.01146301
1038.8,41.39391026
1039,44.79180338
1039.2,46.01146301
1039.4,45.25162419
1039.6,46.0539982
1039.8,45.25162419
1040,45.46687693
1040.2,44.6958109
1040.4,44.41868038
1040.6,48.70713787
1040.8,48.69035585
1041,49.35586148
1041.2,47.08025964
1041.4,44.43275962
1041.6,43.03330131
1041.8,39.34321138
1042,38.32619397
1042.2,39.5291494
1042.4,41.4181831
1042.6,39.84618367
1042.8,41.39391026
1043,44.79180338
1043.2,46.01146301
1043.4,46.06515096
1043.6,46.46561747
1043.8,48.93662059
1044,50.57631236
1044.2,47.98711336
1044.4,42.77466176
1044.6,43.91505109
1044.8,48.52273508
1045,51.34985777
1045.2,49.07082574
1045.4,45.67850616
1045.6,45.53081331
1045.8,45.39636059
1046,45.82073252
1046.2,46.7611771
1046.4,45.99808728
1046.6,46.7382989
1046.8,46.4079039
1047,48.69330798
1047.2,49.11323447
1047.4,49.94484108
1047.6,48.85083955
1047.8,45.22428636
1048,44.95294584
1048.2,48.5537913
1048.4,49.68715348
1048.6,47.28695877
1048.8,48.44301429
1049,47.42215404
1049.2,48.48019096
1049.4,49.80935305
1049.6,49.86974536
1049.8,49.72073949
1050,48.3721046
1050.2,45.88398272
1050.4,42.68711538
1050.6,44.72142703
1050.8,48.88111031
1051,50.07385881
1051.2,49.04739487
1051.4,45.61520307
1051.6,43.30518947
1051.8,45.69544729
1052,48.97458522
1052.2,53.32118995
1052.4,57.62863802
1052.6,58.41294386
1052.8,57.28230733
1053,55.11109325
1053.2,49.38133421
1053.4,45.08392522
1053.6,40.67691053
1053.8,40.05388138
1054,42.11305316
1054.2,40.63631552
1054.4,39.08696377
1054.6,40.47701928
1054.8,38.79603019
1055,39.18685028
1055.2,39.21480656
1055.4,41.76767484
1055.6,45.81484693
1055.8,49.36090478
1056,51.14484043
1056.2,50.12888915
1056.4,53.86633322
1056.6,59.33074769
1056.8,63.71681416
1057,56.28169693
1057.241379,48.33334367
1057.4,47.42403211
1057.6,46.3659823
1057.8,43.31433852
1058,40.9322989
1058.2,39.87946422
1058.4,41.49338516
1058.6,43.44324841
1058.8,44.67901672
1059,46.46568311
1059.2,44.65185787
1059.4,45.59262256
1059.6,46.64958456
1059.8,44.34341814
1060,43.3973867
1060.2,42.4021722
1060.4,42.43684486
1060.6,46.59000844
1060.8,51.44928713
1061,53.10661158
1061.2,49.62435445
1061.4,46.56771174
1061.6,45.52162554
1061.8,44.73877895
1062,44.72536855
1062.2,44.26802125
1062.4,42.27525394
1062.6,44.50881671
1062.8,46.39456476
1063,44.72593334
1063.2,42.19197432
1063.4,44.08462742
1063.6,46.69787926
1063.8,48.00856524
1064,46.56560793
1064.2,46.64319622
1064.4,45.13578043
1064.6,46.35442027
1064.8,48.93547323
1065,50.09948019
1065.2,48.38240258
1065.4,46.05241402
1065.6,46.78182727
1065.8,46.3315469
1066,42.76848695
1066.2,38.38960201
1066.4,42.49492406
1066.6,47.1916708
1066.8,47.27052163
1067,45.57765212
1067.2,46.71241636
1067.4,48.5775338
1067.6,47.81997572
1067.8,47.53238716
1068,46.96763798
1068.2,42.51677907
1068.4,41.69129802
1068.6,43.62568773
1068.8,47.14406155
1069,44.59730788
1069.2,42.66443054
1069.4,44.92236389
1069.6,46.35999767
1069.8,43.99816498
1070,40.82549217
1070.2,34.79696832
1070.4,39.25876618
1070.6,45.68351358
1070.8,47.26592336
1071,48.10529135
1071.2,50.12584867
1071.4,52.86994009
1071.6,52.81897558
1071.8,51.05712978
1072,48.40342353
1072.2,46.90201015
1072.4,45.80327754
1072.6,47.8072801
1072.8,50.74739568
1073,51.72675128
1073.2,52.71790229
1073.4,53.27677381
1073.6,53.08477275
1073.8,48.3362071
1074,45.21088086
1074.2,43.34965664
1074.4,43.44204008
1074.6,48.35656231
1074.8,50.256958
1075.2,51.53813975
1075.4,52.34468887
1075.6,51.58690541
1075.8,49.5011295
1076,46.92779108
1076.2,46.105464
1076.4,48.14908094
1076.6,51.01415922
1076.8,54.01797241
1077,56.02013306
1077.2,55.07846111
1077.4,53.60964572
1077.6,53.85182049
1077.8,55.51583536
1078,59.1364103
1078.2,62.60869565
1078.4,59.13043478
1078.697479,55.34254469
1078.865546,50.44493848
1079,44.77159064
1079.2,39.93982653
1079.4,40.2429676
1079.6,43.50423433
1079.8,43.82681788
1080,45.65425973
1080.2,45.18814557
1080.4,44.91411447
1080.6,44.41801625
1080.8,45.60744813
1081,48.03667379
1081.2,48.24043321
1081.4,46.01817319
1081.6,41.14127294
1081.8,36.75758693
1082,36.92421789
1082.2,40.08194726
1082.4,42.8087055
1082.6,41.02730753
1082.8,43.41771939
1083,47.50070032
1083.2,49.66790799
1083.4,47.49559901
1083.6,43.87661658
1083.8,40.41144002
1084,39.95146565
1084.2,42.66723665
1084.4,45.44442796
1084.6,50.15729185
1084.8,49.02708954
1085,44.0149395
1085.2,45.50802736
1085.4,42.2760867
1085.6,42.09450615
1085.8,44.16560681
1086,47.21850192
1086.2,51.05170503
1086.4,57.39130435
1086.6,51.77994082
1086.932773,47.70963984
1087.2,45.70054821
1087.4,48.16883516
1087.6,53.13734406
1087.8,56.3303729
1088,58.80531856
1088.2,58.7538006
1088.4,62.57581853
1088.6,66.88299159
1088.8,67.06275399
1089,63.40672531
1089.2,59.22789983
1089.4,55.60874221
1089.6,61.89271808
1089.8,60.39300025
1090,62.07689109
1090.2,64.38295363
1090.4,67.26911661
1090.6,69.56521739
1090.8,63.52297383
1091.134454,57.08620486
1091.2,49.57553836
1091.4,47.44940743
1091.6,52.1560884
1091.8,53.77534964
1092,52.66620146
1092.2,50.17468004
1092.4,48.45233728
1092.6,52.34975372
1092.8,51.23020428
1093,51.65941329
1093.2,57.41339075
1093.4,62.66955377
1093.6,66.08695652
1093.8,55.88632044
1093.991597,52.39222792
1094.2,54.90568347
1094.4,54.81347611
1094.6,50.68300921
1094.8,48.9834764
1095.2,47.7071394
1095.4,45.47245846
1095.6,42.18068744
1095.8,42.38126662
1096,42.53088698
1096.2,43.04026042
1096.4,42.92464237
1096.6,41.96235237
1096.8,40.97096543
1097,38.65638261
1097.2,38.91738168
1097.4,42.7201617
1097.6,45.53724516
1097.8,45.59612386
1098,43.28624251
1098.2,40.71067637
1098.4,44.77064018
1098.6,49.16416264
1098.8,50.32491192
1099,49.04811984
1099.2,51.12524297
1099.4,50.88173075
1099.6,48.03561349
1099.8,48.97393098
1100,46.04342479
1100.2,42.5452649
1100.4,41.73817234
1100.6,41.70193924
1100.8,44.86668767
1101,51.24243539
1101.2,58.78889222
1101.4,67.21476932
1101.6,71.30434783
1101.8,67.62639108
1101.890756,61.74254048
1102,55.70424211
1102.2,55.41203505
1102.4,56.95786677
1102.6,60.45753533
1102.8,65.78138315
1103,69.94781178
1103.2,66.72239098
1103.4,63.07823643
1103.6,59.90982723
1103.8,54.58583361
1104,52.13607048
1104.2,52.94196832
1104.4,53.31055476
1104.6,49.43527406
1104.8,42.76599153
1105,36.81162103
1105.2,34.43220787
1105.4,32.75898735
1105.6,29.89180866
1105.8,29.03821958
1106,25.66725299
1106.2,28.70019193
1106.4,32.23701769
1106.6,35.90008941
1106.8,43.25879637
1107,50.24280027
1107.2,55.11398171
1107.4,58.73037607
1107.6,65.20155501
1107.8,66.98341014
1108,65.68090647
1108.2,62.81660274
1108.4,59.85827989
1108.6,60.98198257
1108.8,63.85449042
1109,65.83343768
1109.2,63.61238265
1109.4,62.98236853
1109.6,64.78793648
1109.8,61.94832599
1110,61.96043682
1110.2,61.77096474
1110.4,65.31077978
1110.6,70.63835767
1110.8,76.11872012
1111,80.10729175
1111.2,82.12893781
1111.4,82.48541245
1111.6,78.6425501
1111.8,71.13747633
1112,60.39761459
1112.2,52.08795769
1112.4,47.85942651
1112.6,54.12200663
1112.8,60.66929871
1113,63.08015639
1113.2,60.29719147
1113.4,56.6428698
1113.6,58.00896457
1113.8,65.14435478
1114,74.71887948
1114.2,81.60285015
1114.4,75.28135076
1114.6,68.25473377
1114.8,58.15295071
1115,56.32057315
1115.2,64.82218118
1115.4,70.64605327
1115.6,76.64535239
1115.8,70.71699633
1116,63.29110514
1116.2,57.29596193
1116.4,61.18182649
1116.6,65.33870231
1116.8,65.21726451
1117,61.85069205
1117.2,58.34074669
1117.4,55.67601108
1117.6,55.74360364
1117.8,52.74637339
1118,49.12691447
1118.2,50.25802286
1118.4,54.13515127
1118.6,58.54200912
1118.8,60.86956522
1119,57.40169269
1119.201681,53.15850626
1119.4,51.12906393
1119.6,52.83136834
1119.8,51.56578539
1120.2,51.11136765
1120.4,50.3314457
1120.6,49.06409148
1120.8,46.83698622
1121,44.27692501
1121.2,46.72286632
1121.4,50.7625112
1121.6,49.59312849
1121.8,51.73323135
1122,57.39130435
1122.2,51.53335748
1122.394958,46.74790955
1122.6,41.48782098
1122.8,38.95287063
1123,40.57080381
1123.2,42.08293136
1123.4,41.10741558
1123.6,42.09818066
1123.8,43.39324478
1124,43.69485572
1124.2,43.33596903
1124.4,42.20479282
1124.6,46.06001592
1124.8,44.60244296
1125,47.83641194
1125.2,49.01268674
1125.4,47.51737784
1125.6,44.73080621
1125.8,43.25362775
1126,42.30681895
1126.2,41.91968679
1126.4,42.3920607
1126.6,42.42014628
1126.8,40.66214574
1127,39.89949851
1127.2,39.45193968
1127.4,38.04557966
1127.6,34.81231635
1127.8,32.67644551
1128,32.40290323
1128.2,34.32902862
1128.4,37.83037949
1128.6,40.73976429
1128.8,41.95887644
1129,41.07323934
1129.2,40.30439684
1129.4,39.2585233
1129.6,36.71671208
1129.8,34.02761845
1130.2,31.56022392
1130.4,31.08644194
1130.6,32.15016509
1130.8,34.3935799
1131,36.53305151
1131.2,37.06340579
1131.4,35.89095428
1131.6,33.9504222
1131.8,33.08578442
1132,34.01429491
1132.2,37.21513304
1132.4,39.32845363
1132.6,41.20307578
1132.8,41.19618076
1133,40.43358128
1133.2,40.42443136
1133.4,39.03574496
1133.6,39.38495893
1133.8,39.67436317
1134,40.58128216
1134.2,41.05625308
1134.4,40.37277739
1134.6,43.04449898
1134.8,41.65446303
1135,41.17433773
1135.2,42.41752506
1135.4,41.74597712
1135.6,39.32381677
1135.8,38.70956607
1136,39.26298143
1136.2,36.72607038
1136.4,33.58437741
1136.6,34.56071926
1136.8,40.89431614
1137,45.7809334
1137.2,42.76709155
1137.4,37.287293
1137.6,36.29664361
1137.8,38.75776681
1138,42.33730243
1138.2,43.21450036
1138.4,42.90941017
1138.6,41.49588469
1138.8,40.06501826
1139,39.23459748
1139.2,38.52174561
1139.4,37.01745964
1139.6,38.37955923
1139.8,39.43775561
1140.2,41.11843938
1140.4,41.01520909
1140.6,37.8394506
1140.8,35.85598673
1141,36.34355728
1141.2,34.88406751
1141.4,32.61665861
1141.6,31.46135087
1141.8,31.09073377
1142,32.10155157
1142.2,31.6509816
1142.4,30.94521721
1142.6,32.37423446
1142.8,33.35931463
1143,30.55971657
1143.2,27.15631932
1143.4,25.30576657
1143.6,25.2522605
1143.8,24.51116611
1144,25.73926203
1144.2,28.74062033
1144.4,31.68680509
1144.6,30.94774759
1144.8,33.04227191
1145,32.14436785
1145.2,31.05590584
1145.4,31.91303795
1145.6,32.02382848
1145.8,30.8741311
1146,32.29059262
1146.2,32.89644207
1146.4,33.86796925
1146.6,35.04860283
1146.8,36.43645924
1147,36.80098232
1147.2,36.92343342
1147.4,35.81681412
1147.6,35.07948839
1147.8,35.08361523
1148,35.93689395
1148.2,37.03137638
1148.4,37.02242525
1148.6,36.96669003
1148.8,37.0513197
1149,37.8478131
1149.2,39.07619047
1149.4,39.02379408
1149.6,37.6934094
1149.8,36.25671477
1150,33.93819889
1150.2,33.7157289
1150.4,35.06512141
1150.6,35.81959205
1150.8,37.49980562
1151,39.81373286
1151.2,42.77586431
1151.4,43.14553731
1151.6,41.6158394
1151.8,39.5072533
1152,39.06766352
1152.2,37.85179242
1152.4,36.74024695
1152.6,39.59846121
1152.8,41.95458341
1153,41.01822306
1153.2,41.41761454
1153.4,42.5906905
1153.6,43.05988359
1153.8,40.82630914
1154,38.36161774
1154.2,35.57222524
1154.4,33.88589152
1154.6,35.77737968
1154.8,36.4200159
1155,37.00881903
1155.2,35.94140605
1155.4,35.96358858
1155.6,38.73362519
1155.8,41.72243315
1156,39.48109451
1156.2,36.80385708
1156.4,34.32645751
1156.6,31.6810118
1156.8,30.30403499
1157,32.19643711
1157.2,35.01645876
1157.4,36.25448019
1157.6,35.46921525
1157.8,34.32200377
1158,31.98446596
1158.2,29.84029549
1158.4,28.62812843
1158.6,29.57410734
1158.8,32.54359833
1159,35.28683498
1159.2,35.6551967
1159.4,36.34652336
1159.6,35.14448072
1159.8,32.64334472
1160,31.0059561
1160.2,32.10441679
1160.4,37.53544832
1160.6,42.85656817
1160.8,43.60151826
1161,39.84360158
1161.2,35.54032535
1161.4,33.73298076
1161.6,33.95587675
1161.8,33.06318246
1162,32.58128435
1162.2,33.74601275
1162.4,32.36819535
1162.6,33.05423262
1162.8,34.53258744
1163,33.86081962
1163.2,30.95046814
1163.4,29.78623598
1163.6,28.96934601
1163.8,29.01918819
1164,30.3508349
1164.2,30.33538345
1164.4,30.75875856
1164.6,29.18803096
1164.8,27.88058385
1165.2,27.85430015
1165.4,28.8742159
1165.6,30.71176882
1165.8,32.79792786
1166,31.22369099
1166.2,28.8967595
1166.4,27.00872286
1166.6,30.07747054
1166.8,34.13014549
1167,37.15120547
1167.2,37.75241723
1167.4,37.04815886
1167.6,36.31351107
1167.8,37.20955249
1168,38.16470529
1168.2,37.25388438
1168.4,36.96212688
1168.6,37.26495558
1168.8,35.82858355
1169,38.87795651
1169.2,40.15744219
1169.4,35.56511762
1169.6,34.51669781
1169.8,34.43850467
1170.2,30.69368493
1170.4,27.36497764
1170.6,26.09346338
1170.8,26.23354536
1171,28.7353077
1171.2,31.61269439
1171.4,32.77855441
1171.6,34.48077254
1171.8,34.93810953
1172,34.89752799
1172.2,33.87537304
1172.4,31.57732163
1172.6,30.41969837
1172.8,31.15295021
1173,33.0637498
1173.2,32.83700976
1173.4,31.3125089
1173.6,31.1590503
1173.8,31.14575329
1174,30.7506387
1174.2,30.84367997
1174.4,29.54703355
1174.6,29.7635162
1174.8,28.78765209
1175,30.16665344
1175.2,30.63050994
1175.4,30.20078726
1175.6,29.13789688
1175.8,28.93536926
1176,28.20341493
1176.2,26.09567716
1176.4,26.61443071
1176.6,27.29366048
1176.8,27.11012751
1177,27.56624912
1177.2,30.93463828
1177.4,34.97520975
1177.6,36.2811681
1177.8,35.89084724
1178,38.57122431
1178.2,40.2483699
1178.4,37.14835702
1178.6,32.31502085
1178.8,27.78323984
1179,24.34096079
1179.2,25.68868171
1179.4,27.22897622
1179.6,27.78960068
1179.8,29.13361833
1180,29.35074157
1180.2,29.36246442
1180.4,28.50718605
1180.6,28.21757003
1180.8,28.11160071
1181,29.21061918
1181.2,31.95093669
1181.4,35.15921284
1181.6,33.01421883
1181.8,29.94318507
1182,28.55098943
1182.2,30.78442059
1182.4,33.07300353
1182.6,32.24936682
1182.8,29.76890305
1183,26.0565056
1183.2,24.41163484
1183.4,24.54952331
1183.6,27.16081857
1183.8,29.44865042
1184,29.40567348
1184.2,28.62482427
1184.4,30.07377708
1184.6,31.83744329
1184.8,34.19084726
1185,34.88524582
1185.2,32.42164403
1185.4,30.44288244
1185.6,28.96578207
1185.8,29.05355714
1186,29.41240858
1186.2,27.91823055
1186.4,25.52350572
1186.6,23.05102023
1186.8,22.15488638
1187,23.34532155
1187.2,23.94368854
1187.4,25.31013596
1187.6,27.79230688
1187.8,30.36149564
1188,32.14491611
1188.2,33.58419628
1188.4,34.87531442
1188.6,36.98768512
1188.8,38.52431659
1189,36.18168762
1189.2,31.98536654
1189.4,28.04099016
1189.6,25.45435101
1189.8,25.25852599
1190,27.49248981
1190.2,29.37423602
1190.4,30.10859295
1190.6,31.22497894
1190.8,31.36832757
1191,31.93475568
1191.2,31.92230814
1191.4,27.64966036
1191.6,30.82386639
1191.8,32.53979285
1192,32.39648895
1192.2,28.25641154
1192.4,27.5866713
1192.6,30.46193907
1192.8,31.31131206
1193,29.77672649
1193.2,31.88100958
1193.4,35.39479481
1193.6,33.72513343
1193.8,29.50995086
1194,30.38073126
1194.2,29.4913355
1194.4,27.241965
1194.6,26.50945048
1194.8,28.37647319
1195,31.22395183
1195.2,30.79457009
1195.4,30.5586837
1195.6,33.34316684
1195.8,33.49263486
1196,32.06546118
1196.2,27.35148264
1196.4,27.3141551
1196.6,29.13254305
1196.8,29.87834486
1197,30.33590769
1197.2,28.86198608
1197.4,25.67329805
1197.6,25.20310255
1197.8,28.87127492
1198,30.59515185
1198.2,29.9428492
1198.4,28.93143207
1198.6,29.06171739
1198.8,30.17734914
1199,29.87072286
1199.2,28.11911473
1199.4,29.72033427
1199.6,32.61449607
1199.8,30.9915342
1200,30.27773618
1200.2,30.84970413
1200.4,32.20997179
1200.6,33.14472552
1200.8,32.69723737
1201,31.95151514
1201.2,33.84600226
1201.4,32.14975487
1201.6,29.68511908
1201.8,31.56733699
1202,31.93112641
1202.2,30.31751431
1202.4,29.24701792
1202.6,32.2540742
1202.8,35.46580807
1203,32.75116249
1203.2,29.27482553
1203.4,27.59849879
1203.6,25.43655272
1203.8,24.8444193
1204,26.36461247
1204.2,27.78661001
1204.4,29.4658177
1204.6,30.64296468
1204.8,29.59255619
1205,28.50205304
1205.2,28.5040461
1205.4,27.59459027
1205.6,26.64554497
1205.8,26.90599394
1206,27.30981653
1206.2,26.43882769
1206.4,24.49392013
1206.6,26.86964296
1206.8,29.48085239
1207,31.40795713
1207.2,36.3474979
1207.4,36.39589211
1207.6,34.32974584
1207.8,33.86146291
1208,36.83364973
1208.2,39.24280208
1208.4,35.60131556
1208.6,31.15113118
1208.8,29.70268034
1209,30.54188366
1209.2,29.87312154
1209.4,28.21407866
1209.6,26.87102958
1209.8,29.06845643
1210,31.7230934
1210.2,33.85218119
1210.4,33.81065107
1210.6,36.29752822
1210.8,36.43968639
1211,34.02266076
1211.2,34.17577765
1211.4,34.24555976
1211.6,34.32225891
1211.8,33.21072137
1212,34.8398127
1212.2,36.47005745
1212.4,33.65121276
1212.6,31.51004565
1212.8,31.36024147
1213,31.45959678
1213.2,31.41120635
1213.4,32.31289093
1213.6,34.3345473
1213.8,32.21187323
1214,31.05841625
1214.2,33.03189003
1214.4,31.80506697
1214.6,31.20688418
1214.8,32.25387263
1215,33.82867174
1215.2,37.18465512
1215.4,41.34350275
1215.6,41.79457263
1215.8,37.91468579
1216,33.57489516
1216.2,31.21825092
1216.4,30.57308968
1216.6,34.65284016
1216.8,38.25292967
1217,42.06302678
1217.2,37.38958298
1217.4,33.22686956
1217.6,29.70750894
1217.8,29.92084361
1218,31.54605686
1218.2,29.92135618
1218.4,28.74072137
1218.6,26.3099101
1218.8,26.65845743
1219,29.2030666
1219.2,30.38679888
1219.4,31.90346972
1219.6,31.11407279
1219.8,30.10105475
1220,34.47244249
1220.2,34.29433243
1220.4,33.61993479
1220.6,33.11405853
1220.8,31.61094676
1221,33.53224271
1221.2,33.8861425
1221.4,33.92558161
1221.6,35.21726572
1221.8,35.9117194
1222,35.0204934
1222.2,38.52461035
1222.4,39.23407277
1222.6,32.99344933
1222.8,27.09202092
1223,27.28887721
1223.2,27.89466957
1223.4,28.1018932
1223.6,29.86220651
1223.8,29.83306661
1224,26.71509885
1224.2,25.86586908
1224.4,25.62948214
1224.6,26.42110099
1224.8,27.37056338
1225,25.69558394
1225.2,24.25705821
1225.4,25.94809929
1225.6,27.65942045
1225.8,28.59512402
1226,27.76469322
1226.2,29.1509354
1226.4,28.96115536
1226.6,26.88325992
1226.8,27.19070792
1227,26.15142158
1227.2,25.63371161
1227.4,25.35064413
1227.6,24.88050991
1227.8,26.45769293
1228,28.44573786
1228.2,25.82284956
1228.4,24.21786923
1228.6,22.30396902
1228.8,20.5378192
1229,21.1069134
1229.2,21.48807225
1229.4,21.50734974
1229.6,21.92821293
1229.8,21.52789466
1230,18.95852586
1230.2,18.39401395
1230.4,20.7219766
1230.6,21.1004187
1230.8,19.84141742
1231,19.38377613
1231.2,19.42908945
1231.4,21.0383897
1231.6,19.88013136
1231.8,19.2470001
1232,19.41318708
1232.2,20.05132262
1232.4,23.59291828
1232.6,26.22693853
1232.8,28.06021504
1233,28.19608251
1233.2,25.1060604
1233.4,24.17450241
1233.6,24.8763723
1233.8,24.69700539
1234,23.93647181
1234.2,25.0777677
1234.4,25.94229444
1234.6,25.55761618
1234.8,24.18422291
1235,22.77090312
1235.2,23.09077705
1235.4,22.64551425
1235.6,21.94491011
1235.8,21.42961834
1236,21.54706731
1236.2,20.97706614
1236.4,18.915238
1236.6,15.60332808
1236.8,14.86163198
1237,15.39463173
1237.2,17.27172446
1237.4,17.32851045
1237.6,17.16950457
1237.8,19.95741127
1238,21.78623649
1238.2,21.01877295
1238.4,18.69743124
1238.6,19.47341653
1238.8,21.77884758
1239,22.32510474
1239.2,23.18239612
1239.4,23.15141135
1239.6,21.78623649
1239.8,21.01877295
1240,18.69743124
1240.2,19.47341653
1240.4,21.77884758
1240.6,22.32510474
1240.8,23.18239612
1241,23.15141135
1241.2,19.47341653
1241.4,21.77884758
1241.6,22.32510474
1241.8,23.18239612
1242,23.15141135
1242.2,19.47341653
1242.4,21.77884758
1242.6,22.32510474
1242.8,23.18239612
1243,23.15141135
1243.2,19.18385926
1243.4,19.01891485
1243.6,17.94137487
1243.8,17.79410807
1244,18.72761998
1244.2,20.80985986
1244.4,22.87988902
1244.6,19.18385926
1244.8,19.01891485
1245,17.94137487
1245.2,17.79410807
1245.4,18.72761998
1245.6,20.80985986
1245.8,22.87988902
1246,23.80683167
1246.2,22.13274737
1246.4,21.76532999
1246.6,22.53644894
1246.8,21.1251026
1247,18.84424503
1247.2,19.0832495
1247.4,20.3893252
1247.6,19.87482135
1247.8,19.44514246
1248,21.51672924
1248.2,21.40326286
1248.4,19.78884869
1248.6,17.8886335
1248.8,17.84290441
1249,16.64977047
1249.2,18.86773194
1249.4,20.3369657
1249.6,20.3700593
1249.8,21.21216991
1250,22.30667399
1250.2,24.1228405
1250.4,24.22820679
1250.6,25.7442754
1250.8,25.61740543
1251,21.52517826
1251.2,18.37566827
1251.4,20.08165638
1251.6,20.53269748
1251.8,20.57335086
1252,19.18178245
1252.2,21.20199116
1252.4,20.78286131
1252.6,17.72445864
1252.8,15.38736099
1253,16.72849315
1253.2,20.12514971
1253.4,24.21901998
1253.6,25.63682201
1253.8,24.31032186
1254,21.67565733
1254.2,18.90965362
1254.4,20.02067776
1254.6,22.14854351
1254.8,21.70240685
1255,19.79350733
1255.2,19.17738263
1255.4,20.43249854
1255.6,21.27497097
1255.8,20.80527164
1256,20.84783968
1256.2,20.24204212
1256.4,18.81799805
1256.6,18.06089841
1256.8,20.28526111
1257,23.05226869
1257.2,25.08370113
1257.4,23.58749205
1257.6,20.30231651
1257.8,19.17239533
1258,23.92417791
1258.2,26.28431304
1258.4,23.59672057
1258.6,20.66824165
1258.8,19.97098498
1259,20.93603861
1259.2,22.20736761
1259.4,20.1416857
1259.6,17.73692277
1259.8,18.06887619
1260,20.06908709
1260.2,23.21313345
1260.4,25.64181307
1260.6,27.27517774
1260.8,29.40959116
1261,28.9774704
1261.2,25.52506861
1261.4,22.92165336
1261.6,23.38506351
1261.8,23.37428045
1262,24.84843664
1262.2,26.32446193
1262.4,25.98068529
1262.6,26.33290492
1262.8,28.41569679
1263,30.02124589
1263.2,29.03578333
1263.4,26.21305551
1263.6,24.49983688
1263.8,27.56146055
1264,30.87012006
1264.2,32.94235254
1264.4,30.31677678
1264.6,26.68898334
1264.8,22.88193812
1265,22.49320907
1265.2,24.74529751
1265.4,26.67996679
1265.6,26.69172936
1265.8,26.68461394
1266,26.39333546
1266.2,26.67687135
1266.4,28.134714
1266.6,28.43677831
1266.8,25.91175739
1267,23.7996712
1267.2,25.48872892
1267.4,24.78884741
1267.6,22.36948978
1267.8,21.99734464
1268,22.48454881
1268.2,22.96121143
1268.4,23.51363887
1268.6,24.69429079
1268.8,26.47221252
1269,26.24319495
1269.2,26.61369098
1269.4,25.89096604
1269.6,25.91502967
1269.8,23.37405466
1270,22.09805181
1270.2,22.43794085
1270.4,21.68307546
1270.6,21.50083329
1270.8,22.56361309
1271,22.15988458
1271.2,21.33855031
1271.4,22.00416552
1271.6,25.81241379
1271.8,29.16284029
1272,31.70464595
1272.2,29.65760512
1272.4,28.80023311
1272.6,30.0802531
1272.8,30.89704766
1273,32.77708834
1273.2,35.52390343
1273.4,38.80856802
1273.6,41.724637
1273.8,41.01275002
1274,37.52765715
1274.2,36.04246783
1274.4,35.45474572
1274.6,31.60487204
1274.8,31.47157127
1275.2,32.48228874
1275.4,35.15097275
1275.6,35.40856911
1275.8,36.00818151
1276,31.92763078
1276.2,30.25026743
1276.4,27.27667819
1276.6,24.77167541
1276.8,24.01984631
1277,24.7570463
1277.2,24.95869924
1277.4,24.15283049
1277.6,26.68741759
1277.8,27.47888505
1278,24.54974744
1278.2,22.66297493
1278.4,23.13982408
1278.6,22.84422571
1278.8,21.77462984
1279,21.20675499
1279.2,20.08255192
1279.4,19.73283148
1279.6,19.46012232
1279.8,18.94901076
1280,20.76131946
1280.2,21.21201747
1280.4,17.41466716
1280.6,19.77094006
1280.8,21.33219331
1281,22.99376689
1281.2,23.54549568
1281.4,23.70217764
1281.6,24.47491031
1281.8,26.48059756
1282,29.86438984
1282.2,28.87961204
1282.4,25.94444144
1282.6,22.94702201
1282.8,23.16675893
1283,23.34965492
1283.2,21.87443739
1283.4,20.5627532
1283.6,19.34113214
1283.8,19.87966121
1284,22.32808619
1284.2,25.3401079
1284.4,28.12420593
1284.6,27.06038529
1284.8,24.05504789
1285,20.01395916
1285.2,20.57211364
1285.4,24.04900232
1285.6,27.60265319
1285.8,27.45565945
1286,26.12921934
1286.2,25.63486428
1286.4,25.28443597
1286.6,24.13605089
1286.8,22.37070126
1287,20.99183381
1287.2,22.18519501
1287.4,24.74259124
1287.6,24.88749035
1287.8,23.30931927
1288,21.21279982
1288.2,21.58774898
1288.4,22.73681814
1288.6,23.22561057
1288.8,24.68927539
1289,28.81597431
1289.2,31.23930539
1289.4,32.33466794
1289.6,32.8600786
1289.8,30.23004027
1290,25.43131277
1290.2,22.07656456
1290.4,21.10087643
1290.6,20.54468641
1290.8,17.24994531
1291,15.26642106
1291.2,17.34189988
1291.4,20.79287222
1291.6,22.94915643
1291.8,20.63168911
1292,19.9680581
1292.2,21.10197771
1292.4,20.60575456
1292.6,19.41335156
1292.8,19.29678608
1293,19.45791967
1293.2,17.78873129
1293.4,20.34411477
1293.6,23.86474824
1293.8,25.25757427
1294,22.09950542
1294.2,23.10121074
1294.4,24.35609612
1294.6,22.35279753
1294.8,20.7839627
1295,18.67578457
1295.2,23.89853458
1295.4,23.64295593
1295.6,22.15112085
1295.8,21.89373
1296,23.05135797
1296.2,23.26664936
1296.4,21.14066518
1296.6,17.18118196
1296.8,17.66623973
1297,18.93458795
1297.2,20.80905699
1297.4,22.40945214
1297.6,22.2199126
1297.8,24.02479747
1298,24.43007132
1298.2,22.43387626
1298.4,21.72134674
1298.6,26.82961889
1298.8,32.33482945
1299,33.86390031
1299.2,29.84968781
1299.4,25.53311322
1299.6,
1299.8,
